NO,KEGIATAN,MINGGU KE-,TANGGAL,WAKTU,DURASI (total menit),LOKASI,PERLU DANA?,PIC,HASIL KEGIATAN & DOKUMENTASI,NARASI FIX,IKJP,PERSENTASE,LINK DOKUMENTASI,SUDAH SUBMIT?,LINK LOGBOOK,,
1,Rapat perdana dan briefing awal setelah pengumuman lolos pendanaan.,1,23 Mei 2026,15:00 - 18:00,180,Kampus PENS,TIDAK,ALL,"Setelah pengumuman tim yang lolos pendanaan PKM 2026, dilakukan diskusi dan briefing awal di Kampus PENS. Hal yang didiskusikan adalah gambaran garis besar yang akan dilakukan tim selama beberapa bulan kedepan berdasarkan timeline terbaru dari BELMAWA, serta pembuatan konsep pengenalan program ANTARAGA dan tim. Semua ini didiskusikan bersama, sehingga menghasilkan konsep fix untuk pengenalan program dan tim, yaitu dengan konsep minimalis dan profesional menggunakan warna putih, hijau tosca, dan orange untuk warna pallete instagram ANTARAGA, serta konsep foto di dalam smartband ANTARAGA untuk postingan pengenalan tim. Untuk pengenalan program, tim sepakat mempublikasikan video simulasi penggunaan ANTARAGA yang dilampirkan pada proposal sebelumnya. 

Setelah itu, tim ANTARAGA melakukan pembuatan media sosial Instagram, dengan tambahan luaran berupa media sosial Tiktok, sekaligus pembuatan akun Email ANTARGA.","Setelah pengumuman tim yang lolos pendanaan PKM 2026, dilakukan diskusi dan briefing awal di Kampus PENS. Hal yang didiskusikan adalah gambaran garis besar yang akan dilakukan tim selama beberapa bulan kedepan berdasarkan timeline terbaru dari BELMAWA, serta pembuatan konsep pengenalan program ANTARAGA dan tim. Semua ini didiskusikan bersama, sehingga menghasilkan konsep fix untuk pengenalan program dan tim, yaitu dengan konsep minimalis dan profesional menggunakan warna putih, hijau tosca, dan orange untuk warna pallete instagram ANTARAGA, serta konsep foto di dalam smartband ANTARAGA untuk postingan pengenalan tim. Untuk pengenalan program, tim sepakat mempublikasikan video simulasi penggunaan ANTARAGA yang dilampirkan pada proposal sebelumnya. 

Setelah itu, tim ANTARAGA melakukan pembuatan media sosial Instagram, dengan tambahan luaran berupa media sosial Tiktok, sekaligus pembuatan akun Email ANTARGA.","Terbentuknya akun media sosial Instagram dan TikTok ANTARAGA yang aktif dan berstatus publik, tersusunnya gambaran garis besar rencana pelaksanaan PKM selama 4 bulan ke depan berdasarkan timeline terbaru, serta munculnya konsep awal pengenalan program, dan pengenalan tim. Kegiatan ini merupakan bagian dari tahap Persiapan Pelaksanaan pada flowchart metode PKM ANTARAGA, yang menjadi fondasi sebelum memasuki tahap Studi Literatur dan Perancangan Sistem. Persentase capaian rangkaian PKM: 1%.",1%,https://drive.google.com/drive/folders/1rwijYAzqT4GpgcStjFcFaxTESDCg4-g5?usp=sharing,TRUE,File Pendukung_Kadek Savita Dyutianaya_PKM-KC_PENS 23 Mei 2026,CARA PENGISIAN LOGBOOK,
,,,,,,,,,,,,,,,,,
,,,,,,,,,,,,,,,,"1. isi durasi, pilih nama pada dropdown kolom PIC, lalu mengisi kolom hasil kegiatan
2. kolom hasil kegiatan dijelaskan menggunakan bahasa orang ketiga terkait pekerjaan yang kamu lakukan, durasinya berapa lama (dalam bentuk menit), hasilnya apa (spesifik, detail, menggunakan data).
3. masukkan penjelasan jobdesk kalian berurutan sesuai dengan timeline pada proposal (lihat jobdesk)
4. masukkan penjelasan jobdesk kalian berdasarkan jobdesk yang sudah di deskripsikan di proposal
5. pastikan akumulasi durasi pekerjaan kalian perminggu adalah 900 menit (ini perorang)
6. jika terdapat event wajib dari PKM Center, maka perhitungannya menjadi DURASI PER ORANG - DURASI EVENT. artinya 900 menit - xx menit. sisanya merupakan tanggungan durasi yang perlu ditebus di kegiatan lain.
7. untuk minggu 1-3, dilakukan secara bersamaan (jadi tidak perlu repot menghitung durasi)
8. masuk ke minggu setelahnya, pekerjaan boleh dilakukan di ""Ruang Kerja Pribadi Tim"", bukan di ""Kampus PENS"", sehingga selama tanggal tersebut berlangsung, ke-5 tim antaraga boleh tidak bekerja semua. namun durasi yang kurang harus di tebus di tanggal berikutnya dengan perhitungan durasi 2x lipat atau lebih
9. dokumentasi yang diperlukan boleh banget berupa screenshoot hasil/progress kerja berupa codingnya, desain rawnya, judul jurnal, dll. bisa juga berupa dokumentasi foto bersama atau foto saat sedang bekerja
10. dokumentasi minimal 1, yang dikumpulkan pada kolom dokumentasi dengan format NAMA_KEGIATAN
11. sisanya let me fill & fix it",
,,,,,,,,,,,,,,,,,
,,,,,,,,,,,,,,,,,
2,"Menyusun draf jobdesk, timeline kegiatan, topik pembahasan koordinasi dengan dosen pembimbing",,24 Mei 2026,12:00 - 16:00,240,Ruang Kerja Pribadi Tim,TIDAK,KADEK,"Melakukan pembuatan draf timeline penyesuaian kegiatan tim ANTARAGA untuk beberapa bulan ke depan berdasarkan jadwal pelaksanaan terbaru. Selain itu, dilakukan juga penyusunan draf jobdesk untuk masing-masing anggota tim. Pembagian jobdesk ini merujuk pada tugas yang sudah tercantum di proposal awal, dengan sedikit penyesuaian ulang agar lebih pas dengan fokus pengerjaan saat ini. Terakhir, disusun juga poin-poin draf topik pembahasan yang akan ditanyakan pada saat agenda koordinasi perdana dengan dosen pembimbing, supaya nantinya diskusi bisa berjalan lebih terarah.","Melakukan pembuatan draf timeline penyesuaian kegiatan tim ANTARAGA untuk beberapa bulan ke depan berdasarkan jadwal pelaksanaan terbaru. Selain itu, dilakukan juga penyusunan draf jobdesk untuk masing-masing anggota tim. Pembagian jobdesk ini merujuk pada tugas yang sudah tercantum di proposal awal, dengan sedikit penyesuaian ulang agar lebih pas dengan fokus pengerjaan saat ini. Terakhir, disusun juga poin-poin draf topik pembahasan yang akan ditanyakan pada saat agenda koordinasi perdana dengan dosen pembimbing, supaya nantinya diskusi bisa berjalan lebih terarah.","Tersusunnya draf timeline penyesuaian kegiatan dan draf penyesuaian jobdesk masing-masing anggota tim ANTARAGA, serta terbentuknya draf topik pembahasan untuk bahan koordinasi awal dengan dosen pembimbing. Kegiatan ini merupakan bagian dari tahap Persiapan Pelaksanaan pada flowchart metode PKM ANTARAGA, yang menjadi acuan dasar pembagian tugas tim sebelum masuk ke eksekusi sistem. Persentase capaian rangkaian PKM: 1%.",1%,https://drive.google.com/drive/folders/118NZWfuhrz5gxaGWB8u2n2iY9MVDaegt?usp=sharing,TRUE,File Pendukung_Kadek Savita Dyutianaya_PKM-KC_PENS 24 Mei 2026,,
,,,,,,,,,,,,,,,,,
,,,,,,,,,,,,,,,,,
,,,,,,,,,,,,,,,,,
,,,,,,,,,,,,,,,,,
3,Sosialisasi Pengarahan Lolos Pendanaan PKM 2026,,26 Mei 2026,13:00 - 15:00,120,Kampus PENS,TIDAK,ALL,"Menghadiri Sosialisasi Pengarahan Lolos Pendanaan PKM 2026, sehingga kami mengetahui hal penting mengenai alur pelaksanaan dan timeline yang disediakan Kampus PENS.","Menghadiri Sosialisasi Pengarahan Lolos Pendanaan PKM 2026, sehingga kami mengetahui hal penting mengenai alur pelaksanaan dan timeline yang disediakan Kampus PENS.","Tim memahami dan mengetahui seluruh timeline kegiatan PKM 2026. Kegiatan ini merupakan bagian dari tahap Persiapan Pelaksanaan pada flowchart metode PKM ANTARAGA, yang menjadi fondasi sebelum memasuki tahap Studi Literatur dan Perancangan Sistem. Persentase capaian rangkaian PKM: 1%.",1%,https://drive.google.com/drive/folders/1ucZo-RTom1SkNTVufp7XbCebrUfFKTj8?usp=sharing,TRUE,File Pendukung_Kadek Savita Dyutianaya_PKM-KC_PENS 26 Mei 2026,,
4,Pemotretan tim dan studi literatur,,27 Mei 2026,14:00 - 18:00,240,Kampus PENS,TIDAK,ADAM,"Melakukan studi literatur lanjutan untuk memperdalam tentang sistem deteksi risiko stroke berbasis wearable device dan membuat kasaran desain arsitektur sistem. Termasuk literasi terkait backend server (FastAPI/Python), aplikasi mobile (Flutter), dan model AI (XGBoost + MLP).","Pada kegiatan ini, tim ANTARAGA memulai dengan sesi pemotretan tim yang diarahkan langsung oleh Zeven selaku Creative Director, berdasarkan konsep pengenalan tim yang telah dibentuk sebelumnya. Sesi ini mencakup foto bersama seluruh anggota serta pembuatan beberapa konten video Instagram, sehingga kebutuhan desain pengenalan tim dan program dapat terpenuhi secara mandiri oleh tim ANTARAGA. Setelah sesi pemotretan selesai, kegiatan dilanjutkan dengan studi literatur oleh masing-masing anggota sesuai bidang tugas yang tercantum pada proposal. Adam, sesuai bidang pengembangan aplikasi yang tercantum pada proposal, melakukan studi literatur lanjutan untuk memperdalam penerapan teknis model MLP dan XGBoost yang telah ditetapkan sebelumnya, dengan berfokus pada referensi arsitektur model, alur integrasi model ke dalam sistem backend (FastAPI/Python) dan aplikasi mobile (Flutter), serta menyusun kasaran desain arsitektur sistem secara keseluruhan. Ally, sesuai bidang hardware dan elektronika yang tercantum pada proposal, melakukan studi literatur lanjutan yang berfokus pada sisi pengolahan sinyal sensor, mencakup teknik preprocessing dan ekstraksi fitur dari data sensor wearable device berbasis PPG multi-wavelength, sebagai bahan masukan (input) yang akan diproses oleh model MLP dan XGBoost untuk klasifikasi risiko stroke. Sementara itu, Tiwi melakukan review menyeluruh terhadap proposal ANTARAGA yang telah diajukan, guna menyegarkan kembali pemahaman tim terhadap keseluruhan isi proposal dan istilah-istilah teknis yang sempat terlupa, mengingat rentang waktu antara pengumpulan proposal dan pengumuman lolos pendanaan yang cukup panjang.","Terpenuhinya kebutuhan dokumentasi visual tim berupa foto bersama dan konten video pengenalan untuk keperluan publikasi media sosial ANTARAGA, serta diperolehnya referensi teknis awal terkait model AI (MLP dan XGBoost) dan pengolahan sinyal sensor PPG multi-wavelength sebagai dasar perancangan sistem, disertai pemahaman ulang tim terhadap isi proposal ANTARAGA secara menyeluruh. Kegiatan ini merupakan bagian dari tahap Studi Literatur pada flowchart metode PKM ANTARAGA, yang menjadi landasan teknis sebelum tim memasuki tahap Perancangan Sistem. Persentase capaian rangkaian PKM: 1%.",1%,https://drive.google.com/drive/folders/19SGgsbDEKp2a0KR1zRBIB3kk451797Qv?usp=sharing,TRUE,File Pendukung_Kadek Savita Dyutianaya_PKM-KC_PENS 27 Mei 2026,,
,,,,,,,,ALLY,"melakukan studi literatur lanjutan yang berfokus pada sisi pengolahan sinyal sensor, mencakup teknik preprocessing, algoritma Signal Quality Index, dan ekstraksi fitur PWA dari data sensor wearable device berbasis PPG multi-wavelength.",,,,,,,,
,,,,,,,,TIWI,"Melakukan review menyeluruh terhadap proposal ANTARAGA yang telah diajukan, guna menyegarkan kembali pemahaman terhadap keseluruhan isi proposal serta istilah-istilah teknis yang sempat terlupa, mengingat rentang waktu antara pengumpulan proposal dan pengumuman lolos pendanaan yang cukup panjang.",,,,,,,,
,,,,,,,,ZEVEN,"Melakukan pemotretan per anggota tim berdasarkan konsep pengenalan tim yang telah dibentuk sebelumnya. sekaligus foto bersama dan pembuatan beberapa video konten Instagram. sehingga kebutuhan konsep desain pengenalan tim dan program dapat terpenuhi. pemotretan dilakukan secara mandiri oleh tim ANTARAGA, dengan diarahkan langsung oleh Zeven selaku Creative Director",,,,,,,"Salam hormat dan bahagia,


Kadek Savita Dyutianaya
Project Manager ",
5,Koordinasi Awal Tim dengan Dosen Pembimbing,,29 Mei 2026,15:00 - 17:00,120,Google Meet,TIDAK,ALL,"Pertemuan diawali dengan pertanyaan dari dosen pembimbing terkait komitmen tim dalam mengikuti seluruh tahapan pendanaan PKM hingga pengumuman PIMNAS. Selanjutnya, dilakukan pembagian jobdesk secara spesifik untuk setiap anggota guna menjaga efisiensi kerja tim, dengan pembagian tanggung jawab sebagai berikut: Tiwi menangani manajemen berkas dan logbook, Ally menangani pengembangan hardware, Adam menangani pengembangan software, serta Zeven menangani dokumentasi dan pengelolaan media sosial ANTARAGA. Tim juga mulai memasuki tahap pengembangan awal komponen hardware dan software. Pada sisi hardware, Ally melakukan uji coba awal sistem pembacaan denyut nadi dan mengidentifikasi kendala berupa motion artifact, sehingga disepakati konsep operasional alat dalam kondisi statis (tidak bergerak), sebagaimana pendekatan yang umum diterapkan pada perangkat wearable komersial untuk mengatasi keterbatasan serupa, untuk dipaparkan sebagai batasan alat pada monev internal dan PKP2.

Pada sisi software, Adam mulai merancang website monitoring dan mempersiapkan uji coba model Multi-Layer Perceptron (MLP), dengan rencana memperoleh referensi tambahan dari dosen pembimbing terkait penerapan MLP pada bimbingan mahasiswa lain. Selain itu, dilakukan koordinasi dan konsultasi dengan dosen pembimbing terkait pengadaan komponen sensor yang direncanakan dibeli secara bertahap, serta pemanfaatan fasilitas alat pendukung berupa glukometer dan tensimeter yang difasilitasi oleh dosen pembimbing. Turut didiskusikan pula parameter uji laboratorium (kadar gula darah dan kolesterol) untuk menganalisis peluang risiko kardiovaskular, dengan catatan bahwa hasil uji tersebut masih perlu didalami lebih lanjut bersama dosen pembimbing untuk menentukan parameter yang lebih spesifik terhadap risiko stroke. Sebagai penutup, tim mulai mempersiapkan administrasi keuangan dan pematangan materi sebagai persiapan menuju monev internal.
","Pertemuan diawali dengan pertanyaan dari dosen pembimbing terkait komitmen tim dalam mengikuti seluruh tahapan pendanaan PKM hingga pengumuman PIMNAS. Selanjutnya, dilakukan pembagian jobdesk secara spesifik untuk setiap anggota guna menjaga efisiensi kerja tim, dengan pembagian tanggung jawab sebagai berikut: Tiwi menangani manajemen berkas dan logbook, Ally menangani pengembangan hardware, Adam menangani pengembangan software, serta Zeven menangani dokumentasi dan pengelolaan media sosial ANTARAGA. Tim juga mulai memasuki tahap pengembangan awal komponen hardware dan software. Pada sisi hardware, Ally melakukan uji coba awal sistem pembacaan denyut nadi dan mengidentifikasi kendala berupa motion artifact, sehingga disepakati konsep operasional alat dalam kondisi statis (tidak bergerak), sebagaimana pendekatan yang umum diterapkan pada perangkat wearable komersial untuk mengatasi keterbatasan serupa, untuk dipaparkan sebagai batasan alat pada monev internal dan PKP2.

Pada sisi software, Adam mulai merancang website monitoring dan mempersiapkan uji coba model Multi-Layer Perceptron (MLP), dengan rencana memperoleh referensi tambahan dari dosen pembimbing terkait penerapan MLP pada bimbingan mahasiswa lain. Selain itu, dilakukan koordinasi dan konsultasi dengan dosen pembimbing terkait pengadaan komponen sensor yang direncanakan dibeli secara bertahap, serta pemanfaatan fasilitas alat pendukung berupa glukometer dan tensimeter yang difasilitasi oleh dosen pembimbing. Turut didiskusikan pula parameter uji laboratorium (kadar gula darah dan kolesterol) untuk menganalisis peluang risiko kardiovaskular, dengan catatan bahwa hasil uji tersebut masih perlu didalami lebih lanjut bersama dosen pembimbing untuk menentukan parameter yang lebih spesifik terhadap risiko stroke. Sebagai penutup, tim mulai mempersiapkan administrasi keuangan dan pematangan materi sebagai persiapan menuju monev internal.
","Diperolehnya kejelasan pembagian jobdesk (manajemen berkas, hardware, software, dan dokumentasi/media sosial), dimulainya pengembangan awal hardware (identifikasi batasan alat terkait motion artifact) dan software (rancangan website monitoring serta persiapan model MLP), tersepakatinya rencana pengadaan sensor secara bertahap dan pemanfaatan fasilitas alat pendukung dari dosen pembimbing, serta dimulainya persiapan administrasi dan materi untuk monev internal. Kegiatan ini merupakan bagian dari tahap Persiapan Pelaksanaan pada flowchart metode PKM ANTARAGA, yang menjadi fondasi sebelum tim memasuki tahap Studi Literatur dan Perancangan Sistem secara penuh. Persentase capaian rangkaian PKM: 1%.",1%,https://drive.google.com/drive/folders/1as74k1yho3HbjA-u4JrTxVNvJF8uhG6_?usp=sharing,TRUE,File Pendukung_Kadek Savita Dyutianaya_PKM-KC_PENS 29 Mei 2026,Hari Kerja,: Rabu-Minggu
,,,,,,,,,,,,,,,,,: Event Wajib diluar waktu kerja
,,,,,,,,,,,,,,,,,: Kegiatan yang butuh duit
,,,,,,,,,,,,,,,,,
,,,,,,,,,,,,,,,,,
TOTAL DURASI,,,,,900,,,,,,,5%,,,,,
6,Briefing pembagian jobdesk dan penyesuaian jadwal kegiatan tim,2,30 Mei 2026,13:00 - 16:00,180,Google Meet,TIDAK,ALL,"Melakukan diskusi dan briefing internal bersama seluruh anggota tim untuk membahas pembagian jobdesk secara detail sesuai kompetensi dan bidang tugas masing-masing, sebagai tindak lanjut dari arahan yang diperoleh pada koordinasi bersama dosen pembimbing sebelumnya. Dalam diskusi ini juga ditentukan deadline target mingguan untuk setiap jobdesk, guna memastikan progres tim tetap terpantau dan berjalan sesuai jadwal. Selain itu, dilakukan sinkronisasi jadwal kegiatan tim berdasarkan master timeline PKM ANTARAGA yang telah direvisi, sehingga seluruh anggota memiliki pemahaman yang sama mengenai prioritas dan alur kerja ke depan. Hasil diskusi ini disepakati bersama sebagai acuan kerja tim untuk minggu-minggu berikutnya.","Melakukan diskusi dan briefing internal bersama seluruh anggota tim untuk membahas pembagian jobdesk secara detail sesuai kompetensi dan bidang tugas masing-masing, sebagai tindak lanjut dari arahan yang diperoleh pada koordinasi bersama dosen pembimbing sebelumnya. Dalam diskusi ini juga ditentukan deadline target mingguan untuk setiap jobdesk, guna memastikan progres tim tetap terpantau dan berjalan sesuai jadwal. Selain itu, dilakukan sinkronisasi jadwal kegiatan tim berdasarkan master timeline PKM ANTARAGA yang telah direvisi, sehingga seluruh anggota memiliki pemahaman yang sama mengenai prioritas dan alur kerja ke depan. Hasil diskusi ini disepakati bersama sebagai acuan kerja tim untuk minggu-minggu berikutnya.","Tersusunnya pembagian jobdesk yang jelas bagi setiap anggota tim beserta deadline mingguan, serta jadwal kegiatan tim yang telah disesuaikan dengan master timeline PKM ANTARAGA terbaru dan arahan dosen pembimbing. Kegiatan ini merupakan bagian dari tahap Persiapan Pelaksanaan pada flowchart metode PKM ANTARAGA, yang menjadi acuan kerja seluruh tim untuk periode pelaksanaan berikutnya. Persentase capaian rangkaian PKM: 1%.",1%,https://drive.google.com/drive/folders/1J3dmh4Ep2dGYrXvqQzlQtVvEkSQan99J?usp=sharing,TRUE,File Pendukung_Kadek Savita Dyutianaya_PKM-KC_PENS 30 Mei 2026,,
,,,,,,,,,,,,,,,,,
,,,,,,,,,,,,,,,,,
,,,,,,,,,,,,,,,,,
,,,,,,,,,,,,,,,,,
7,Melakukan pengerjaan jobdesk sesuai pembagian masing-masing anggota tim,,31 Mei 2026,13:00 - 18:00,300,Kampus PENS,TIDAK,ADAM,"Melakukan inisialisasi proyek serta menyiapkan tools
developmeny yang diperlukan, mencakup pengembangan
backend berbasis API, aplikasi mobile, dan konfigurasi
repositori GitHub sebagai sarana kolaborasi tim","Setelah jobdesk dibagikan oleh Kadek selaku Ketua Tim, dilakukan pengerjaan jobdesk oleh masing-masing anggota sesuai bidang tugasnya. Kadek melakukan monitoring terhadap pelaksanaan jobdesk awal seluruh anggota tim sekaligus menyusun draf catatan awal logbook keuangan dan kegiatan sebagai bentuk pendokumentasian administratif tim. Adam selaku pengembang aplikasi mulai melakukan inisialisasi proyek dan menyiapkan tools development yang diperlukan, mencakup pengembangan backend berbasis API, aplikasi mobile, serta konfigurasi repositori GitHub sebagai sarana kolaborasi tim. Ally selaku penanggung jawab hardware dan elektronika melanjutkan studi literatur sebelumnya dengan fokus yang lebih spesifik, yaitu metode perhitungan BPM (beats per minute) dari data sensor PPG multi-wavelength, sebagai kelanjutan dari kajian preprocessing sinyal yang telah dilakukan pada studi literatur sebelumnya. Tiwi menyusun draf pesan jarkom (jaringan komunikasi) untuk promosi akun Instagram ANTARAGA serta membuat caption untuk konten ""coming soon"" sesuai konsep branding minimalis dan profesional yang telah disepakati tim; penyebaran jarkom dan pengunggahan konten belum dilakukan karena masih menunggu proses finishing desain. Selain itu, Tiwi juga mulai melakukan studi literatur dengan menelusuri referensi terkait skor ABCD2 sebagai instrumen stratifikasi risiko stroke iskemik. Sementara itu, Zeven selaku Creative Director melakukan pembuatan desain frame story untuk kebutuhan unggahan live report ke depannya, serta turut menyelesaikan desain ""coming soon"" sesuai konsep yang telah disepakati.","Terpantaunya progres awal pengerjaan jobdesk seluruh anggota tim, tersusunnya draf awal logbook keuangan dan kegiatan, dimulainya inisialisasi proyek dan tools development, diperolehnya referensi teknis lanjutan terkait perhitungan BPM dan instrumen ABCD2, serta tersusunnya draf materi promosi dan desain frame story ANTARAGA. Kegiatan ini merupakan bagian dari tahap Persiapan Pelaksanaan dan awal tahap Studi Literatur pada flowchart metode PKM ANTARAGA. Persentase capaian rangkaian PKM: 2%.",2%,https://drive.google.com/drive/folders/1cyx7OaLsBK7_CLykQc1_zky-o6DpCKbH?usp=sharing,TRUE,File Pendukung_Kadek Savita Dyutianaya_PKM-KC_PENS 31 Mei 2026,,
,,,,,,,,ALLY,"Mempersiapkan instalasi software dan tools hardware pendukung proyek, mencakup software CAD, Software EDA, dan depedensi resource firmware",,,,,,,,
,,,,,,,,KADEK,"Melakukan monitoring terhadap pelaksanaan jobdesk awal masing-masing anggota tim, mencakup progres inisialisasi proyek dan tools development, pembuatan desain frame story dan ""coming soon"", guna memastikan seluruh kegiatan berjalan sesuai pembagian tugas dan deadline yang telah disepakati pada briefing sebelumnya. Selain melakukan koordinasi, turut membuat draf catatan awal logbook keuangan dan kegiatan tim, sebagai bentuk pendokumentasian pengeluaran serta aktivitas tim secara berkala sesuai tanggung jawab administratif Ketua Tim. Kegiatan monitoring ini juga menjadi sarana untuk mengidentifikasi kendala awal yang mungkin dihadapi anggota, sehingga dapat segera ditindaklanjuti agar tidak menghambat progres tim secara keseluruhan.",,,,,,,,
,,,,,,,,TIWI,"Menyusun draf pesan jarkom (jaringan komunikasi) untuk promosi akun Instagram ANTARAGA, serta membuat caption untuk postingan ""coming soon"" sesuai konsep branding minimalis dan profesional yang telah disepakati tim. Penyebaran jarkom dan pengunggahan konten belum dilakukan karena menunggu proses finishing desain ""coming soon"" terlebih dahulu. Selanjutnya, mulai melakukan studi literatur dengan menelusuri dan merangkum referensi terkait sensor PPG multi-wavelength dan skor ABCD2 sebagai instrumen stratifikasi risiko stroke iskemik, untuk menjadi bahan bacaan utama pada tahap Studi Literatur.",,,,,,,,
,,,,,,,,ZEVEN,"Melakukan pembuatan desain frame story untuk kebutuhan unggahan live report kedepannya. juga melakukan pembuatan desain ""coming soon"" sesuai konsep yang telah disepakati",,,,,,,,
8,"Finishing desain, pengunggahan konten ""coming soon"", dan penyebaran jarkom promosi Instagram ANTARAGA",,1 Juni 2026,13:30 - 15:30,120,Ruang Kerja Pribadi Tim,TIDAK,TIWI,"Mengunggah konten ""coming soon"" ANTARAGA ke Instagram beserta caption yang telah disiapkan sebelumnya. Setelah konten tersebut diunggah, dilanjutkan dengan menyebarkan pesan jarkom yang telah disusun sebelumnya melalui grup WhatsApp, guna mengajak dukungan follow dan share dari dosen serta teman-teman. Selain itu, melanjutkan studi literatur dengan menelusuri dan merangkum referensi terkait model AI (Multi-Layer Perceptron dan Gradient Boosting) yang digunakan pada sistem ANTARAGA.","Zeven selaku Creative Director melakukan finishing terhadap desain ""coming soon"" yang sebelumnya telah dibuat, kemudian membagi (split) desain tersebut menjadi beberapa bagian agar sesuai format sebelum diunggah ke Instagram. Setelah desain selesai, Tiwi mengunggah konten ""coming soon"" tersebut ke akun Instagram ANTARAGA beserta caption yang telah disiapkan sebelumnya, sebagai bentuk publikasi awal untuk meningkatkan engagement dan menarik perhatian pengguna terhadap akun ANTARAGA. Setelah konten diunggah, Tiwi melanjutkan dengan menyebarkan pesan jarkom (jaringan komunikasi) yang telah disusun, salah satunya melalui grup Telegram, untuk mengajak dukungan follow dan share, sehingga jumlah pengikut akun dapat meningkat secara organik. Selain itu, Tiwi turut melanjutkan studi literatur dengan menelusuri dan merangkum referensi terkait konsep dasar model AI yang digunakan pada sistem ANTARAGA, yaitu Multi-Layer Perceptron (MLP) dan XGBoost, sebagai bahan pemahaman konseptual untuk kebutuhan penyusunan laporan kemajuan dan publikasi ANTARAGA ke depannya.

Setelah rangkaian kegiatan terkait ""coming soon"" selesai, Tiwi dan Zeven langsung melanjutkan dengan mempersiapkan konten publikasi berikutnya, yaitu konten pengenalan ANTARAGA. Tiwi mulai menyusun draf caption untuk konten pengenalan awal ANTARAGA (mencakup logo, judul proposal, dan story behind ANTARAGA), caption pengenalan tim, serta caption pengenalan program. Sementara itu, Zeven mulai mengerjakan desain visual untuk ketiga konten pengenalan tersebut, agar identitas dan tujuan ANTARAGA dapat tersampaikan secara jelas kepada audiens sebelum dipublikasikan. Seluruh kegiatan ini dilakukan di ruang kerja pribadi tim.
","Terunggahnya konten ""coming soon"" beserta caption ke akun Instagram ANTARAGA, tersebarnya pesan jarkom promosi untuk meningkatkan engagement dan jumlah pengikut, diperolehnya pemahaman konseptual lanjutan terkait model AI (MLP dan XGBoost) yang digunakan pada sistem ANTARAGA, serta dimulainya pembuatan draf caption dan desain visual untuk konten pengenalan ANTARAGA (logo, tim, dan program) sebagai materi publikasi berikutnya. Kegiatan ini merupakan bagian dari tahap Persiapan Pelaksanaan dan Studi Literatur pada flowchart metode PKM ANTARAGA, sekaligus menjadi langkah awal publikasi ANTARAGA kepada khalayak. Persentase capaian rangkaian PKM: 1%.",1%,https://drive.google.com/drive/folders/1DnjrabyN8pUEB_cO_lZ4p4Rx1uo0RcTU?usp=sharing,TRUE,File Pendukung_Kadek Savita Dyutianaya_PKM-KC_PENS 1 Juni 2026,,
,,,,,,,,ZEVEN,"Melakukan finishing desain “coming soon”, lalu di split sebelum diposting di Instagram. Kemudian dilakukan pengunggahan desain pada media sosial Instagram untuk meningkatkan engagement pengguna Instagram, sehingga pengikut dapat naik saat akun dipromosikan secara mandiri oleh tim",,,,,,,,
9,Diskusi arsitektur sistem dan penyesuaian RAB bersama tim teknis,,3 Juni 2026,15:00 - 17:00,120,Kampus PENS,TIDAK,ADAM,Diskusi arsitektur sistem dan RAB,"Adam, Ally, dan Kadek melakukan diskusi bersama untuk membahas rancangan arsitektur sistem ANTARAGA secara keseluruhan, mencakup keterkaitan antara sistem database, hardware, dan kebutuhan integrasi antar komponen ke depannya. Dalam diskusi ini juga dibahas penyesuaian Rancangan Anggaran Biaya (RAB) agar selaras dengan kebutuhan pengembangan arsitektur yang telah didiskusikan. Hasil diskusi ini disepakati sebagai acuan awal sebelum masing-masing anggota melanjutkan penyusunan desain teknis secara individual pada tahap berikutnya.","Disepakatinya arah rancangan arsitektur sistem ANTARAGA (database dan hardware) secara garis besar, serta tersepakatinya penyesuaian RAB sesuai kebutuhan pengembangan arsitektur yang telah didiskusikan. Kegiatan ini merupakan bagian dari tahap Perancangan Sistem pada flowchart metode PKM ANTARAGA, yang menjadi dasar sebelum tim melanjutkan ke penyusunan desain teknis secara individual. Persentase capaian rangkaian PKM: 1%.",1%,https://drive.google.com/drive/folders/1QINUsEJhjlqkWtirrpd9yCmcEU73YqY5?usp=sharing,TRUE,File Pendukung_Kadek Savita Dyutianaya_PKM-KC_PENS 2 Juni 2026,,
,,,,,,,,ALLY,Diskusi arsitektur sistem dan RAB,,,,,,,,
,,,,,,,,KADEK,Diskusi arsitektur sistem dan RAB,,,,,,,,
11,"Penyusunan desain arsitektur teknis (database & hardware), serta finishing dan publikasi konten pengenalan judul project dan filosofi ANTARAGA",,5 Juni 2026,13:00 - 16:00,180,Kampus PENS,TIDAK,ADAM,Desain arsitektur untuk sistem database (ERD),"Pada kegiatan ini, tim ANTARAGA menjalankan dua fokus paralel, yaitu penyusunan arsitektur teknis dan persiapan konten pengenalan. Di sisi teknis, Adam selaku pengembang aplikasi menyusun desain arsitektur untuk sistem database dalam bentuk Entity Relationship Diagram (ERD), sebagai kelanjutan dari hasil diskusi arsitektur sistem sebelumnya. Ally selaku penanggung jawab hardware dan elektronika merumuskan rancangan arsitektur dasar untuk sistem hardware, mencakup pembuatan desain skematik/rangkaian awal serta perumusan algoritma firmware dasar yang akan digunakan sebagai landasan pengembangan firmware pada tahap berikutnya. Kadek selaku Ketua Tim turut memberikan masukan terhadap rancangan arsitektur hardware yang disusun Ally dari sudut pandang umum (non-teknis), guna memastikan desain tetap selaras dengan kebutuhan dan tujuan proyek secara keseluruhan. Di sisi non-teknis, Tiwi menyelesaikan dan menyempurnakan draf caption yang telah mulai disusun sebelumnya untuk tiga konten sekaligus, yaitu caption pengenalan awal ANTARAGA (mencakup logo, judul proposal, dan story behind ANTARAGA), caption pengenalan tim, serta caption pengenalan program. Zeven selaku Creative Director melakukan finalisasi desain visual dari draf yang telah dikerjakan sebelumnya untuk ketiga konten tersebut, sebagai persiapan sebelum dipublikasikan.","Tersusunnya rancangan arsitektur sistem database (ERD) serta rancangan arsitektur dasar hardware ANTARAGA (skematik/rangkaian awal dan algoritma firmware dasar) yang telah mendapat masukan dari Ketua Tim, serta selesainya penyusunan caption dan finalisasi desain visual untuk tiga konten pengenalan ANTARAGA, siap untuk dipublikasikan. Kegiatan ini merupakan bagian dari tahap Perancangan Sistem dan persiapan Publikasi Awal pada flowchart metode PKM ANTARAGA. Persentase capaian rangkaian PKM: 1%.",1%,"Pada kegiatan ini, tim ANTARAGA menjalankan dua fokus paralel, yaitu penyusunan arsitektur teknis dan persiapan konten pengenalan. Di sisi teknis, Adam selaku pengembang aplikasi menyusun desain arsitektur untuk sistem database dalam bentuk Entity Relationship Diagram (ERD), sebagai kelanjutan dari hasil diskusi arsitektur sistem sebelumnya. Ally selaku penanggung jawab hardware dan elektronika merumuskan rancangan arsitektur dasar untuk sistem hardware, mencakup pembuatan desain skematik/rangkaian awal serta perumusan algoritma firmware dasar yang akan digunakan sebagai landasan pengembangan firmware pada tahap berikutnya. Kadek selaku Ketua Tim turut memberikan masukan terhadap rancangan arsitektur hardware yang disusun Ally dari sudut pandang umum (non-teknis), guna memastikan desain tetap selaras dengan kebutuhan dan tujuan proyek secara keseluruhan. Di sisi non-teknis, Tiwi menyelesaikan dan menyempurnakan draf caption yang telah mulai disusun sebelumnya untuk tiga konten sekaligus, yaitu caption pengenalan awal ANTARAGA (mencakup logo, judul proposal, dan story behind ANTARAGA), caption pengenalan tim, serta caption pengenalan program. Zeven selaku Creative Director melakukan finalisasi desain visual dari draf yang telah dikerjakan sebelumnya untuk ketiga konten tersebut, sebagai persiapan sebelum dipublikasikan.",TRUE,File Pendukung_Kadek Savita Dyutianaya_PKM-KC_PENS 5 Juni 2026,,
,,,,,,,,ALLY,Merumuskan rancangan arsitektur dasar termasuk mendesain skematik/rangkaian dan algoritma firmware awal untuk sistem hardware,,,,,,,v,
,,,,,,,,KADEK,"Melakukan review rancangan arsitektur hardware,
memberikan masukan teknis terkait integrasi komponen,
serta validasi awal kelayakan desain.",,,,,,,,
,,,,,,,,TIWI,"Menyusun dan menyempurnakan caption untuk tiga konten sekaligus, yaitu caption pengenalan awal ANTARAGA (mencakup logo, judul proposal, dan the story behind ANTARAGA, caption pengenalan tim, serta caption pengenalan program, agar identitas dan tujuan ANTARAGA tersampaikan secara jelas sebelum dipublikasikan di Instagram.",,,,,,,,
,,,,,,,,ZEVEN,"Melakukan finalisasi desain visual dan publikasi konten
pada media sosial Instagram sesuai konsep
branding ANTARAGA.",,,,,,,,
TOTAL DURASI,,,,,900,,,,,,,6%,,,,,
12,"Publikasi konten pengenalan judul project, tim, dan program ANTARAGA di Instagram",3,6 Juni 2026,08:00 - 11:00,180,Ruang Kerja Pribadi Tim,YA,ZEVEN,"Zeven mempublikasikan tiga konten pengenalan ANTARAGA pada media sosial Instagram secara bertahap dalam rentang waktu pukul 08.00 hingga 12.00 WIB, dengan jam unggah yang berbeda untuk masing-masing konten, yaitu konten pengenalan awal ANTARAGA (logo, judul proposal, dan story behind), konten pengenalan tim, serta konten pengenalan program. Pemisahan jam unggah pada rentang pagi hingga menjelang siang ini dilakukan untuk menjaga distribusi engagement audiens agar tidak menumpuk dalam satu waktu, sekaligus memberi ruang bagi masing-masing konten untuk mendapatkan perhatian secara optimal.","Zeven mempublikasikan tiga konten pengenalan ANTARAGA pada media sosial Instagram secara bertahap dalam rentang waktu pukul 08.00 hingga 12.00 WIB, dengan jam unggah yang berbeda untuk masing-masing konten, yaitu konten pengenalan awal ANTARAGA (logo, judul proposal, dan story behind), konten pengenalan tim, serta konten pengenalan program, masing-masing beserta caption yang telah disempurnakan oleh Tiwi pada kegiatan sebelumnya. Pemisahan jam unggah pada rentang pagi hingga menjelang siang ini dilakukan untuk menjaga distribusi engagement audiens agar tidak menumpuk dalam satu waktu, sekaligus memberi ruang bagi masing-masing konten untuk mendapatkan perhatian secara optimal. Selama proses publikasi berlangsung, Tiwi turut memastikan kesesuaian caption pada setiap konten yang diunggah serta memantau respons awal audiens (likes, komentar, dan share) sebagai bahan evaluasi awal efektivitas konten. Selain itu, dilakukan periklanan pada salah satu konten yang diunggah, yaitu pengenalan ANTARAGA dalam bentuk reels video sebagai bagian dari strategi penyebaran informasi ANTARAGA kepada khalayak yang lebih luas, dengan total biaya periklanan selama 3 hari sebesar Rp166.500, dibayarkan melalui GoPay.","Terpublikasinya seluruh konten pengenalan ANTARAGA (logo, judul proposal, story behind, tim, dan program) di media sosial Instagram, disertai penggunaan layanan periklanan berbayar untuk memperluas jangkauan salah satu konten, dengan total pengeluaran sebesar Rp166.500. Kegiatan ini merupakan bagian dari tahap Publikasi Awal pada flowchart metode PKM ANTARAGA. Persentase capaian rangkaian PKM: 1%.",1%,https://drive.google.com/drive/folders/170jaWbwhKVjynhWddFnmKCOB3L4zCCSS?usp=sharing,TRUE,File Pendukung_Kadek Savita Dyutianaya_PKM-KC_PENS 6 Juni 2026,,
,,,,,,,,TIWI,"Tiwi mendampingi proses publikasi dengan memastikan caption yang telah disempurnakan pada kegiatan sebelumnya terpasang sesuai dengan masing-masing konten yang diunggah oleh Zeven, serta memantau respons awal audiens (likes, komentar, dan share) pada tiap unggahan sebagai bahan evaluasi awal efektivitas konten.",,,,,,,,
13,"Pengembangan awal API backend, desain skematik hardware, dan monitoring progres tim",,7 Juni 2026,13:00 - 16:00,180,Kampus PENS,TIDAK,ADAM,"Membuat awalan modul API (Backend) dengan Python FastAPI: struktur modul, konfigurasi, koneksi database, dan endpoint dasar","Adam selaku pengembang aplikasi membuat awalan modul API (backend) menggunakan Python FastAPI, mencakup penyusunan struktur modul, konfigurasi sistem, koneksi database, serta pembuatan endpoint dasar sebagai fondasi awal sistem backend ANTARAGA. Di sisi hardware, Ally melanjutkan pengembangan dengan mendesain skematik/rangkaian secara kasar untuk sistem ANTARAGA, sebagai detail teknis dari arsitektur hardware yang telah disusun sebelumnya. Sementara itu, Kadek selaku Ketua Tim melakukan monitoring terhadap progres pengembangan awal backend (Adam) dan desain skematik/rangkaian hardware (Ally), memastikan pengerjaan berjalan sesuai desain arsitektur yang telah disepakati pada poin sebelumnya, sekaligus memperbarui logbook dan mencatat progres teknis kedua divisi sebagai bahan pelaporan kemajuan.","Tersusunnya modul awal API backend (struktur modul, konfigurasi, koneksi database, dan endpoint dasar), tersusunnya skematik/rangkaian kasar beserta analisis manajemen daya untuk sistem hardware ANTARAGA, serta terpantaunya progres kedua divisi teknis oleh Ketua Tim. Kegiatan ini merupakan bagian dari tahap Perancangan Sistem pada flowchart metode PKM ANTARAGA, yang menjadi dasar teknis sebelum tim memasuki tahap implementasi dan pengujian sistem secara penuh. Persentase capaian rangkaian PKM: 1%.",1%,https://drive.google.com/drive/folders/1MbasQBv8zFHVQ1V1fhh496V_Og0k3PhP?usp=drive_link,TRUE,File Pendukung_Kadek Savita Dyutianaya_PKM-KC_PENS 7 Juni 2026,,
,,,,,,,,ALLY,"Melanjutkan pengembangan hardware dengan merancang manajemen daya (power management) untuk memastikan efisiensi konsumsi energi pada rangkaian yang dirancang, khususnya terkait kebutuhan daya untuk mikrokontroler dan sensor yang digunakan. ",,,,,,,v,
,,,,,,,,KADEK,"Melakukan monitoring terhadap progres pengembangan awal backend (Adam) dan desain skematik/rangkaian hardware (Ally), memastikan pengerjaan berjalan sesuai desain arsitektur yang telah disepakati pada poin sebelumnya. Turut memperbarui logbook dan mencatat progres teknis kedua divisi sebagai bahan pelaporan kemajuan.",,,,,,,,
14,Mengikuti Bimbingan Teknis Pelaksanaan PKM 2026 oleh Kemahasiswaan Dikti,,8 Juni 2026,08:00 - 12:00,240,Zoom Meeting,TIDAK,ALL,"Dari kegiatan Bimbingan Teknis Pelaksanaan PKM yang diseleggarakan oleh Kemahasiswaan Dikti pada 8 Juni 2026 ini, didapatkan hasil berupa pemahaman tim terkait cara pengisian logbook yang baik, termasuk nilai-nilai yang dihitung untuk ke PIMNAS. Selain itu, terdapat penjelasan mengenai ketentuan-ketentuan pada media sosial Instagram juga.","Seluruh anggota tim mengikuti kegiatan Bimbingan Teknis Pelaksanaan PKM 2026 yang diselenggarakan oleh Kemahasiswaan Dikti secara daring melalui Zoom Meeting pada 8 Juni 2026. Dari kegiatan ini, tim memperoleh pemahaman terkait tata cara pengisian logbook yang baik dan benar, termasuk nilai-nilai yang diperhitungkan sebagai bobot penilaian menuju PIMNAS. Selain itu, disampaikan pula penjelasan mengenai ketentuan-ketentuan teknis terkait pengelolaan media sosial Instagram sebagai bagian dari publikasi program PKM. Pemahaman yang diperoleh dari bimbingan ini menjadi acuan tim dalam menyusun logbook dan konten publikasi ke depannya agar sesuai dengan standar yang ditetapkan oleh Dikti.","Tim memahami lebih detail lagi mengenai ketentuan ketentuan yang diberikan, sehingga menghindari kekeliruan dalam pelaksanaan PKM ini. Persentase capaian rangkaian PKM: 1%",1%,https://drive.google.com/drive/folders/1Ub9Uugf2sd1t6_MUxNfcyOnTU6kyiz_i?usp=sharing,TRUE,File Pendukung_Kadek Savita Dyutianaya_PKM-KC_PENS 8 Juni 2026,,
15,Diskusi progres dengan dosen pembina serta weekly meeting tim ANTARAGA untuk persiapan Monev 1,,10 Juni 2026,13:00 - 15:00,120,Zoom Meeting & Kampus PENS,TIDAK,ALL,"Melakukan diskusi bersama Dosen Pembina mengenai progress selama 3 minggu pertama untuk persiapan dilakukannnya Monev 1 pada 12 Juni 2026. Dihasilkan pengoreksian PPT 

Pada weekly meeting ini, tim ANTARAGA membahas mengenai rencana konten mingguan kedepannya, rencana pembelian bahan prototype program, serta briefing singkat mengenai persiapan Monev 1 pada 12 Juni. hasilnya, telah disepakati bahwa konten mingguan akan dilaksanakan min 1 konten perminggu, pembelian bahan dilakukan dalam rentang pekan ke-4.","Kegiatan diawali dengan diskusi bersama dosen pembina mengenai progres tim selama tiga minggu pertama, sebagai persiapan menuju Monev 1 yang akan dilaksanakan pada 12 Juni 2026. Dari diskusi ini, dihasilkan koreksi terhadap draf PPT yang akan digunakan sebagai bahan presentasi Monev 1. Setelah diskusi dengan dosen pembina, tim melanjutkan dengan weekly meeting internal untuk membahas rencana konten mingguan ke depannya, rencana pembelian bahan prototype program, serta briefing singkat mengenai persiapan Monev 1 pada 12 Juni. Hasil dari weekly meeting ini, disepakati bahwa konten mingguan akan dilaksanakan minimal satu konten per minggu, sedangkan pembelian bahan akan dilakukan dalam rentang pekan ke-4.","Diperolehnya masukan dan koreksi terkait penyusunan progress dalam bentuk PPT sebagai persiapan Monev 1, serta kejelasan mengenai apa saja yang perlu disiapkan sebelum presentasi berlangsung. Selain itu, tim memahami perencanaan konten mingguan (minimal satu konten per minggu) dan waktu pembelian bahan prototype (pekan ke-4), sehingga kegiatan tersebut dapat berjalan sesuai rencana, serta memahami bahwa persiapan Monev 1 akan dilakukan pada pagi harinya tanggal 12 Juni. Kegiatan ini merupakan bagian dari tahap Persiapan Pelaksanaan pada flowchart metode PKM ANTARAGA. Persentase capaian rangkaian PKM: 1%.",1%,https://drive.google.com/drive/folders/1IbBFkXBOuZ-_B3xl82Yrf8ZGVGDRY-7Q?usp=drive_link,TRUE,File Pendukung_Kadek Savita Dyutianaya_PKM-KC_PENS 10 Juni 2026,,
,,,,,,,,,,,,,,,,,
,,,,,,,,,,,,,,,,,
,,,,,,,,,,,,,,,,,
,,,,,,,,,,,,,,,,,
,,,,,,,,,,,,,,,,,
,,,,,,,,,,,,,,,,,
,,,,,,,,,,,,,,,,,
,,,,,,,,,,,,,,,,,
,,,,,,,,,,,,,,,,,
16,"Pengembangan Sistem Autentikasi API, Pengujian Performa Daya Buck Converter, dan Penyusunan Konten Mingguan",,11 Juni 2026,13:00 - 16:00,180,Kampus PENS,TIDAK,ADAM,"Melanjutkan pembuatan API: Implementasi sistem 
autentikasi JWT (register, login, dan otorisasi), serta
pengembangan manajemen profil lansia (CRUD)
beserta validasi data-nya.","Adam selaku pengembang aplikasi melanjutkan pembuatan API dengan mengimplementasikan sistem autentikasi JWT (register, login, dan otorisasi), serta mengembangkan manajemen profil lansia (CRUD) beserta validasi data-nya. Di sisi hardware, Ally melakukan uji performa daya output pada komponen buck converter tipe mini360 milik laboratorium, dengan menggunakan power supply sebagai simulasi dari tegangan output baterai lipo 1s. Dari pengujian ini, ditemukan bahwa terjadi kondisi shutdown pada tegangan output buck converter tipe mini360 ketika diuji pada kondisi tegangan input tertentu, sebagai temuan awal yang perlu ditindaklanjuti pada tahap kalibrasi dan pemilihan komponen daya berikutnya. Kadek selaku Ketua Tim melakukan monitoring terhadap progres pengembangan API oleh Adam dan pengujian performa daya buck converter oleh Ally, memastikan pengerjaan berjalan sesuai target mingguan yang telah disepakati pada weekly meeting sebelumnya. Sementara itu, di sisi non-teknis, Tiwi dan Zeven bekerja sama menyusun konten mingguan ANTARAGA sesuai kesepakatan pada weekly meeting sebelumnya: Tiwi menentukan topik dan menulis caption, sedangkan Zeven membuat desain visual konten tersebut sesuai konsep branding ANTARAGA yang telah ditetapkan, sebagai bagian dari komitmen minimal satu konten per minggu yang telah disepakati tim.","Berkembangnya sistem autentikasi dan manajemen profil lansia pada API backend, diperolehnya temuan awal terkait kendala performa daya pada komponen buck converter tipe mini360 (kondisi shutdown pada tegangan input tertentu) sebagai bahan evaluasi pemilihan komponen daya, terpantaunya progres kedua divisi teknis oleh Ketua Tim, serta tersusunnya konten mingguan (caption dan desain visual) hasil kerja sama Tiwi dan Zeven sesuai komitmen minimal satu konten per minggu. Kegiatan ini merupakan bagian dari tahap Perancangan Sistem dan Implementasi pada flowchart metode PKM ANTARAGA. Persentase capaian rangkaian PKM: 1%",1%,https://drive.google.com/drive/folders/1NJMTjMNlDj53qDc3ejvNYPiKboBT_erG?usp=drive_link,TRUE,File Pendukung_Kadek Savita Dyutianaya_PKM-KC_PENS 11 Juni 2026,,
,,,,,,,,ALLY,Melakukan uji performa daya output pada komponen buck converter tipe mini360 milik lab dengan power supply sebagai simulasi dari tegangan output baterai lipo 1s. hasilnya terjadi kondisi shutdown pada tegangan output buck converter tipe mini360 ketika uji tegangan input dibawah 4V,,,,,,," ali v, zeven belum masukkan dokumentaisi",
,,,,,,,,KADEK,"Melakukan monitoring terhadap progres pengembangan API oleh Adam dan pembuatan firmware sensor MAX30102 oleh Ally, memastikan pengerjaan sesuai dengan target mingguan yang telah disepakati pada weekly meeting sebelumnya.",,,,,,,,
,,,,,,,,TIWI,"Tiwi menyusun draf konten mingguan ANTARAGA sesuai kesepakatan pada weekly meeting sebelumnya, mencakup penentuan topik dan penulisan caption. Zeven mulai membuat desain visual untuk konten mingguan tersebut sesuai konsep branding ANTARAGA yang telah ditetapkan.",,,,,,,,
,,,,,,,,ZEVEN,,,,,,,,,
17,Monev Internal 1 (pematangan PKM dengan dana yang disetujui) dan pembelian bahan sesuai RAB,,12 Juni 2026,13:00 - 14:00,180,,TIDAK,ALL,"melakukan presentasi kepada dosen pembina dan pendamping mengenai progress pengerjaan dan perencanaan PKM. hasilnya, tersampaikannya rencana program beserta progress tim selama 3 pekan, serta diberikan beberapa masukan terkait rencana pengujian dan luaran media sosial.","Pada sesi pertama (13.00-14.00 WIB), tim ANTARAGA melakukan presentasi Monev Internal 1 kepada dosen pembina dan pendamping mengenai progres pengerjaan serta perencanaan pelaksanaan PKM. Dalam presentasi ini, tersampaikan rencana program beserta progres tim selama tiga pekan terakhir, dan tim memperoleh beberapa masukan terkait rencana pengujian serta luaran media sosial ANTARAGA. Setelah sesi Monev 1 berakhir, tim melanjutkan dengan diskusi internal (14.00-16.00 WIB) untuk membahas saran dan masukan yang telah diberikan oleh dosen pembina dan pendamping. Dari diskusi ini, disepakati rencana konten ke depan sekaligus dilakukan pembelian beberapa bahan yang diperlukan sesuai dengan Rancangan Anggaran Biaya (RAB) yang telah disesuaikan kembali.","Tim mampu memaparkan progres pengerjaan dan rencana PKM kepada dosen pembina, serta memahami masukan terkait rencana pengujian dan luaran media sosial sebagai acuan perbaikan. Selain itu, tim mencapai kesepakatan mengenai rencana konten ke depan dan telah menentukan daftar pembelian bahan yang diperlukan sesuai dengan RAB yang telah disesuaikan kembali. Kegiatan ini merupakan bagian dari tahap Monitoring dan Evaluasi Internal pada flowchart metode PKM ANTARAGA. Persentase capaian rangkaian PKM: 1%.",1%,https://drive.google.com/drive/folders/1eDTwN-rbtHNiVA5zVnmLGBlBZ29A3C8r?usp=drive_link,TRUE,File Pendukung_Kadek Savita Dyutianaya_PKM-KC_PENS 12 Juni 2026,,
,,,,,,,,,,,,,,,,,
,,,,,,,,,,,,,,,,,
,,,,,,,,,,,,,,,,,
,,,,14:00 - 16:00,,,YA,,"setelah monev 1 berakhir, dilakukan diskusi internal tim untuk membicarakan terkait saran dan masukan yang diberikan. hasilnya, terjadi kesepakatan mengenai rencana konten kedepan sekaligus melakukan pembelian beberapa bahan yang diperlukan sesuai rab yang telah disesuaikan kembali",,,,,,,,
TOTAL DURASI,,,,,1080,,,,,,,6%,,,,,
18,"Diskusi Infrastruktur Server, Pembelian Komponen, dan Pencatatan Laporan Keuangan",4,13 Juni 2026,10:00 - 15:00,300,Ruang Kerja Pribadi Tim,YA,ADAM,"Diskusi mengenai cloud server dan domain yang nantinya akan digunakan, sementara diputuskan menggunakan server cloud lokal lalu di tunneling dengan ngrok untuk development. Ketika siap, nanti akan di hosting di linux server dengan domain dan cloudflare","Adam selaku pengembang aplikasi melakukan diskusi mengenai cloud server dan domain yang akan digunakan untuk deployment sistem ANTARAGA. Dari diskusi ini, diputuskan bahwa pada tahap pengembangan akan digunakan server cloud lokal yang di-tunneling menggunakan ngrok untuk kebutuhan development, sementara ketika sistem sudah siap untuk tahap produksi, akan dilakukan hosting pada linux server dengan domain dan Cloudflare sebagai penyedia layanan keamanan dan performa jaringan. Di sisi hardware, Ally melakukan pembelian komponen, berupa MAX30102 Heart Rate and Oximeter Sensor (Breakout) - SEN0518 dan baterai lipo 1s 900mAh, untuk mendukung kebutuhan pengujian sensor pada tahap berikutnya. Setelah pembelian dilakukan, Ally turut mencatat rincian transaksi tersebut ke dalam laporan keuangan tim, sebagai bagian dari dokumentasi penggunaan dana sesuai dengan Rancangan Anggaran Biaya (RAB) yang telah disepakati.","Ditetapkannya strategi infrastruktur server dan domain untuk kebutuhan development (server lokal dengan ngrok) maupun produksi (linux server dengan domain dan Cloudflare) ke depannya, diperolehnya komponen sensor MAX30102 dan baterai lipo sebagai hasil pembelian komponen, serta terdokumentasikannya transaksi tersebut secara tertib pada laporan keuangan tim. Kegiatan ini merupakan bagian dari tahap Perancangan Sistem dan Implementasi pada flowchart metode PKM ANTARAGA. Persentase capaian rangkaian PKM: 2%.",2%,https://drive.google.com/drive/folders/1OCOMDXJteVeN5gyxRF9nTWrIL_3VkO1D?usp=sharing,TRUE,File Pendukung_Kadek Savita Dyutianaya_PKM-KC_PENS 13 Juni 2026,"MAX PERLU PECAH NOTA, GABOLEH 1 JT",
,,,,,,,,ALLY,Melakukan pembelian komponen tahap 1,,,,,,,,v
19,Weekly Meeting Internal: Update Progres dan Perencanaan Metodologi Pengujian,,14 Juni 2026,09:00 - 15:00,360,Kampus PENS,TIDAK,ALL,"Tim ANTARAGA melaksanakan weekly meeting untuk membahas update progres masing-masing anggota, evaluasi kendala yang dihadapi, serta perencanaan tahap berikutnya. Ally melaporkan progres pembelian bahan komponen serta kelanjutan pembuatan board layout dari skematik rangkaian yang telah dirancang sebelumnya, dengan rencana kerja berikutnya berupa diskusi firmware, pengujian sensor (menunggu kedatangan barang), penelusuran sumber error pada perhitungan BPM, serta konsultasi lanjutan dengan dosen pembimbing. Tiwi melaporkan progres berupa bantuan pembuatan akun media sosial dan penyusunan caption, serta progres studi literatur yang difokuskan pada penyusunan daftar pustaka, dengan tiga referensi telah selesai ditelaah dan ditargetkan rampung pada hari Sabtu; proses ini turut mencakup pengecekan kesesuaian antara isi proposal dengan daftar pustaka, mengingat ditemukan beberapa referensi yang saling bertentangan dan sebagian jurnal yang tidak dapat diakses secara terbuka (open access). Tiwi juga melakukan pembacaan ulang proposal secara menyeluruh untuk menyusun daftar pertanyaan terkait cakupan topik kesehatan yang cukup luas. Adam melaporkan rencana kerja mingguan berupa pencarian layanan VPS untuk kebutuhan deployment aplikasi, serta kelanjutan pengembangan modul-modul API backend yang telah dirintis sebelumnya, dan telah menyelesaikan analisis kompetitor (tim PKM lain dengan topik serupa). Selain update progres, tim membahas masukan dari dosen pembimbing terkait metodologi pengujian, mencakup rencana kriteria inklusi responden (lansia usia 60 tahun ke atas dengan kategori skor ABCD2), penentuan target sampel dengan pembagian kategori (lansia sehat, lansia dengan riwayat stroke, lansia dengan gejala stroke, serta lansia dengan komplikasi penyakit lain), dan penyusunan daftar calon responden dari kalangan dosen serta lansia di lingkungan sekitar kampus dan tempat tinggal anggota tim. Turut dibahas rencana lokasi dan akses pengujian (penentuan daftar rumah sakit tujuan dan strategi pendekatan, dikoordinasikan lebih lanjut dengan dosen pembimbing), serta administrasi dan perizinan, mencakup alur perizinan, daftar dokumen yang diperlukan, dan penjajakan fasilitas kesehatan mitra, dengan Ally ditetapkan sebagai PIC penanggung jawab. Selain itu, dibahas strategi konten media sosial dengan target penentuan jadwal dan jenis konten diselesaikan paling lambat 19 Juni, serta disepakati mekanisme pengecekan progres konten setiap hari Jumat melalui folder bersama tim. Setelah sesi weekly meeting berakhir, Adam melanjutkan pengembangan aplikasi dengan menyempurnakan modul API backend yang telah dibangun sebelumnya, sekaligus mempersiapkan kebutuhan infrastruktur (VPS) untuk tahap deployment ke depannya.","Tim ANTARAGA melaksanakan weekly meeting untuk membahas update progres masing-masing anggota, evaluasi kendala yang dihadapi, serta perencanaan tahap berikutnya. Ally melaporkan progres pembelian bahan komponen serta kelanjutan pembuatan board layout dari skematik rangkaian yang telah dirancang sebelumnya, dengan rencana kerja berikutnya berupa diskusi firmware, pengujian sensor (menunggu kedatangan barang), penelusuran sumber error pada perhitungan BPM, serta konsultasi lanjutan dengan dosen pembimbing. Tiwi melaporkan progres berupa bantuan pembuatan akun media sosial dan penyusunan caption, serta progres studi literatur yang difokuskan pada penyusunan daftar pustaka, dengan tiga referensi telah selesai ditelaah dan ditargetkan rampung pada hari Sabtu; proses ini turut mencakup pengecekan kesesuaian antara isi proposal dengan daftar pustaka, mengingat ditemukan beberapa referensi yang saling bertentangan dan sebagian jurnal yang tidak dapat diakses secara terbuka (open access). Tiwi juga melakukan pembacaan ulang proposal secara menyeluruh untuk menyusun daftar pertanyaan terkait cakupan topik kesehatan yang cukup luas. Adam melaporkan rencana kerja mingguan berupa pencarian layanan VPS untuk kebutuhan deployment aplikasi, serta kelanjutan pengembangan modul-modul API backend yang telah dirintis sebelumnya, dan telah menyelesaikan analisis kompetitor (tim PKM lain dengan topik serupa). Selain update progres, tim membahas masukan dari dosen pembimbing terkait metodologi pengujian, mencakup rencana kriteria inklusi responden (lansia usia 60 tahun ke atas dengan kategori skor ABCD2), penentuan target sampel dengan pembagian kategori (lansia sehat, lansia dengan riwayat stroke, lansia dengan gejala stroke, serta lansia dengan komplikasi penyakit lain), dan penyusunan daftar calon responden dari kalangan dosen serta lansia di lingkungan sekitar kampus dan tempat tinggal anggota tim. Turut dibahas rencana lokasi dan akses pengujian (penentuan daftar rumah sakit tujuan dan strategi pendekatan, dikoordinasikan lebih lanjut dengan dosen pembimbing), serta administrasi dan perizinan, mencakup alur perizinan, daftar dokumen yang diperlukan, dan penjajakan fasilitas kesehatan mitra, dengan Ally ditetapkan sebagai PIC penanggung jawab. Selain itu, dibahas strategi konten media sosial dengan target penentuan jadwal dan jenis konten diselesaikan paling lambat 19 Juni, serta disepakati mekanisme pengecekan progres konten setiap hari Jumat melalui folder bersama tim. Setelah sesi weekly meeting berakhir, Adam melanjutkan pengembangan aplikasi dengan menyempurnakan modul API backend yang telah dibangun sebelumnya, sekaligus mempersiapkan kebutuhan infrastruktur (VPS) untuk tahap deployment ke depannya.","Diperolehnya update progres dari masing-masing anggota tim (pembelian bahan dan board layout hardware, progres studi literatur dan daftar pustaka, serta kelanjutan pengembangan API backend), tersusunnya rencana awal metodologi pengujian (kriteria inklusi, target sampel, serta daftar calon responden dan lokasi pengujian), ditetapkannya PIC untuk pengurusan administrasi dan perizinan, serta tersepakatinya jadwal strategi konten media sosial. Kegiatan ini merupakan bagian dari tahap Persiapan Pelaksanaan dan Perancangan Sistem pada flowchart metode PKM ANTARAGA. Persentase capaian rangkaian PKM: 2%.",2%,https://drive.google.com/drive/folders/1GBqugB_j4PxRkHMBcTzp6o3rfrTwbDD3?usp=drive_link,TRUE,File Pendukung_Kadek Savita Dyutianaya_PKM-KC_PENS 14 Juni 2026,,
,,,,,,,,,,,,,,,,,
,,,,,,,,,,,,,,,,,
,,,,,,,,,,,,,,,,,
,,,,,,,,,,,,,,,,,
20,weekly meeting dengan dosen pendamping,,17 Juni 2026,12:00 - 16:00,240,Kampus PENS,TIDAK,ALL,"melakukan weekly meeting bersama dosen pendamping dengan pembahasan mengenai hasil diskusi tim pada weekly meeting internal 14 Juni lalu mengenai pengujian dan rencana konten. selain itu, dilakukan pelaporan alat dan bahan yang telah dibeli, serta rencana timeline yang perlu direvisi","Tim ANTARAGA melakukan weekly meeting bersama dosen pendamping untuk menyampaikan hasil diskusi internal yang telah dilakukan pada weekly meeting 14 Juni sebelumnya. Dalam pertemuan ini, tim memaparkan rencana metodologi pengujian yang telah disusun, mencakup kriteria inklusi responden, target sampel, serta rencana lokasi dan akses pengujian, guna memperoleh masukan dan persetujuan dari dosen pendamping sebelum pelaksanaan lebih lanjut. Selain itu, tim turut memaparkan rencana konten media sosial yang telah disepakati pada pertemuan sebelumnya. Tim juga melaporkan status alat dan bahan yang telah dibeli sesuai dengan Rancangan Anggaran Biaya (RAB), sebagai bentuk pertanggungjawaban penggunaan dana kepada dosen pendamping. Di akhir pertemuan, dibahas evaluasi terhadap timeline pelaksanaan PKM yang telah berjalan, dan disepakati bahwa terdapat beberapa bagian timeline yang perlu direvisi agar lebih sesuai dengan kondisi progres tim saat ini. Di sisi hardware, Ally melanjutkan pencarian komponen TP5000 dari penjual lain, mengingat komponen tersebut kehabisan stok pada penjual sebelumnya. Selain itu, Ally melakukan pengujian pada sensor MAX30102 tipe SEN0518 menggunakan library bawaan, dengan hasil menunjukkan bahwa sensor tersebut tidak dapat menghasilkan data analog/mentah sebagaimana yang diharapkan, sehingga menjadi temuan awal yang perlu ditindaklanjuti pada tahap pengembangan firmware berikutnya.","Diperolehnya masukan dan arahan dari dosen pendamping terkait rencana metodologi pengujian dan strategi konten media sosial, tersampaikannya laporan status alat dan bahan yang telah dibeli sesuai RAB, teridentifikasinya bagian-bagian timeline yang perlu direvisi, serta diperolehnya temuan awal terkait kendala fungsi sensor MAX30102 dengan library bawaan sebagai bahan evaluasi pada tahap pengembangan firmware selanjutnya. Kegiatan ini merupakan bagian dari tahap Monitoring dan Evaluasi Internal serta Perancangan Sistem pada flowchart metode PKM ANTARAGA. Persentase capaian rangkaian PKM:",1%,https://drive.google.com/drive/folders/1jxGC2xSNiX1gm9aRKGrYABGn-8aMEp50?usp=drive_link,TRUE,File Pendukung_Kadek Savita Dyutianaya_PKM-KC_PENS 17 Juni 2026,,
,,,,,,,,ALLY,Melakukan prosedur pengembalian dana dari marketplace dan melakukan pencarian komponen dikarenakan pihak penjual kehabisan stok pada komponen TP5000. melakukan uji pada sensor MAX30102 tipe SEN0518 dengan library bawaan. hasilnya sensor tersebut tidak bisa menghasilkan data analog/mentah,,,,,,,,
,,,,,,,,,,,,,,,,,
,,,,,,,,,,,,,,,,,
,,,,,,,,,,,,,,,,,
,,,,,,,,,,,,,,,,,
21,melakukan diskusi terkait rencana konsep konten #2 ,,18 Juni 2026,13:00 - 15:00,300,Ruang Kerja Pribadi Tim,TIDAK,TIWI,"Melakukan diskusi bersama Zeven mengenai konsep konten #2 ANTARAGA, mencakup penentuan tema dan pesan utama yang ingin disampaikan, serta pembagian alur kerja antara penulisan caption dan pembuatan desain visual. Selain itu, menyelesaikan studi literatur dengan menelusuri referensi terkait arsitektur IoT end-to-end, sekaligus merangkum seluruh hasil studi literatur yang telah dikumpulkan (sensor PPG multi-wavelength, skor ABCD2, model AI, dan arsitektur IoT) ke dalam draf catatan bersama sebagai bahan pendukung penyusunan bagian latar belakang pada laporan kemajuan.","Tiwi melakukan diskusi bersama Zeven mengenai konsep konten #2 ANTARAGA, mencakup penentuan tema dan pesan utama yang ingin disampaikan, serta pembagian alur kerja antara penulisan caption dan pembuatan desain visual. Selain itu, Tiwi menyelesaikan studi literatur dengan menelusuri referensi terkait arsitektur IoT end-to-end, sekaligus merangkum seluruh hasil studi literatur yang telah dikumpulkan (sensor PPG multi-wavelength, skor ABCD2, model AI, dan arsitektur IoT) ke dalam draf catatan bersama sebagai bahan pendukung penyusunan bagian latar belakang pada laporan kemajuan.","Tersusunnya konsep dan pembagian alur kerja untuk konten #2 ANTARAGA (tema, pesan utama, caption, dan desain visual), tuntasnya studi literatur terkait arsitektur IoT end-to-end, serta terkompilasinya seluruh hasil studi literatur tim ke dalam draf catatan bersama sebagai bahan pendukung penyusunan latar belakang laporan kemajuan. Kegiatan ini merupakan bagian dari tahap Studi Literatur dan Persiapan Pelaksanaan pada flowchart metode PKM ANTARAGA. Persentase capaian rangkaian PKM: 2%.",2%,https://drive.google.com/drive/folders/1TAfAVORhHj1t8qVqb8HmmmXuI2Syyi76?usp=sharing,TRUE,File Pendukung_Kadek Savita Dyutianaya_PKM-KC_PENS 18 Juni 2026,,
,,,,,,,,ZEVEN,,,,,,,,,
22,Pengambilan Alat Ukur Kesehatan Digital dari Kampus serta Pengujian Fungsionalitas,,19 Juni 2026,12:00 - 17:00,300,Kampus PENS,TIDAK,KADEK,"Mengambil alat pengukur gula darah dan tekanan darah digital dari Kampus, serta melakukan pengetesan untuk mengecek fungsionalitasnya. Pengecekan dilakukan sebagai persiapan dilakukannya pemeriksaan kepada lansia keesokan harinya, dalam rangka pembuatan konten edukatif. Hasilnya, semua alatnya berfungsi dengan baik. setelah itu, dilanjutkan dengan membuat laporan kegiatan (logbook)","Kadek selaku Ketua Tim mengambil alat pengukur gula darah dan tekanan darah digital dari Kampus PENS, sebagai alat pendukung yang difasilitasi oleh dosen pembimbing untuk kebutuhan pengujian ANTARAGA. Setelah alat diterima, dilakukan pengetesan untuk memastikan fungsionalitasnya, sebagai persiapan sebelum digunakan pada pemeriksaan kepada lansia yang direncanakan berlangsung keesokan harinya, dalam rangka pembuatan konten edukatif. Hasil pengetesan menunjukkan bahwa seluruh alat berfungsi dengan baik dan siap digunakan. Setelah itu, Kadek melanjutkan dengan menyusun laporan kegiatan (logbook) sebagai bentuk pendokumentasian progres tim.","im berhasil memverifikasi fungsionalitas seluruh alat ukur kesehatan digital (gula darah dan tekanan darah), memastikan alat siap digunakan dengan optimal untuk kebutuhan pengambilan data pada pembuatan konten edukasi keesokan harinya. Kegiatan ini merupakan bagian dari tahap Persiapan Pelaksanaan pada flowchart metode PKM ANTARAGA. Persentase capaian rangkaian PKM: 2%.",2%,https://drive.google.com/drive/folders/1NxeOZapauHO-6QUwA5JqWOmICgXoefbG?usp=drive_link,TRUE,File Pendukung_Kadek Savita Dyutianaya_PKM-KC_PENS 19 Juni 2026,,
,,,,,,,,,,,,,,,,,
,,,,,,,,,,,,,,,,,
,,,,,,,,,,,,,,,,,
,,,,,,,,,,,,,,,,,
TOTAL DURASI,,,,,1500,,,,,,,9%,,,,,
,Produksi Konten Edukasi #2: ,5,20 Juni 2026,13:00 - 18:00,300,Rumah Subjek dan editor,TIDAK,ALL,melakukan pembuatan konten 2 dengan konsep video edukasi. pembuatan konten dilakukan dengan memeriksa kadar gula darah tidak puasa dan tekanan darah dari 3 orang lansia dengan persetujuan lansia tersebut dan keluarganya menggunakan alat pengukuran digital terstandarisasi. untuk lanjutan scene dari pembuatan video konten akan dibuat berupa video animasi ANTARAGA.,"Tim ANTARAGA melakukan pembuatan konten edukasi #2 dengan konsep video edukasi. Produksi konten dilakukan dengan mendemonstrasikan pemeriksaan kadar gula darah (tidak puasa) dan tekanan darah pada tiga orang lansia, menggunakan alat pengukuran digital terstandarisasi yang telah diuji fungsionalitasnya sebelumnya. Pemeriksaan dilakukan atas persetujuan (informed consent) dari lansia yang bersangkutan beserta keluarganya. Sebagai kelanjutan dari konten ini, direncanakan pembuatan scene tambahan berupa video animasi ANTARAGA untuk melengkapi materi edukasi.","Tim berhasil memproduksi konten video edukasi melalui demonstrasi pemeriksaan kesehatan (kadar gula darah tidak puasa dan tekanan darah) pada lansia menggunakan alat pengukuran digital terstandarisasi, dengan pelaksanaan yang telah memperoleh persetujuan dari subjek dan keluarganya. Kegiatan ini merupakan bagian dari tahap Pelaksanaan Program dan Publikasi pada flowchart metode PKM ANTARAGA. Persentase capaian rangkaian PKM: 2%.",2%,https://drive.google.com/drive/folders/1PPncUAXrKnD8IhPcd3Yz7ODTud79Xo7s?usp=drive_link,TRUE,File Pendukung_Kadek Savita Dyutianaya_PKM-KC_PENS 20 Juni 2026,,
,,,,,,,,,,,,,,,,,
,,,,,,,,,,,,,,,,,
,,,,,,,,,,,,,,,,,
,,,,,,,,,,,,,,,,,
,Inisialisasi Aplikasi Mobile Flutter dan Perbaikan Manajemen Daya Hardware,,21 Juni 2026,12:00 - 17:00,300,Kampus PENS,TIDAK,ADAM,"Melakukan inisialisasi proyek aplikasi mobile ANTARAGA berbasis Flutter, meliputi konfigurasi project, instalasi dependency yang diperlukan, penyusunan struktur modul aplikasi, serta implementasi tema dan palet warna sesuai rancangan desain pada proposal","Adam selaku pengembang aplikasi melakukan inisialisasi proyek aplikasi mobile ANTARAGA berbasis Flutter, meliputi konfigurasi project, instalasi dependency yang diperlukan, penyusunan struktur modul aplikasi, serta implementasi tema dan palet warna sesuai rancangan desain pada proposal. Di sisi hardware, Ally melakukan penggantian komponen buck converter tipe mini360 dengan boost converter ber-output tetap 5V milik laboratorium, sebagai tindak lanjut dari temuan kendala performa daya pada komponen sebelumnya. Ally kemudian melakukan uji pembebanan 500mA konstan menggunakan power supply, dengan hasil menunjukkan bahwa rentang tegangan baterai (3V-4,2V) dapat digunakan secara penuh, namun tegangan output masih mengandung noise yang dikhawatirkan dapat mengganggu pembacaan sensor. Sementara itu, Kadek selaku Ketua Tim turut membantu Ally selama proses pengujian boost converter, termasuk ikut mengamati hasil pembacaan tegangan pada power supply saat uji pembebanan berlangsung, serta ikut mendiskusikan kemungkinan penyebab noise yang muncul pada tegangan output. Kadek juga memantau progres inisialisasi aplikasi mobile yang dikerjakan Adam.","Terinisialisasinya proyek aplikasi mobile ANTARAGA berbasis Flutter (konfigurasi, struktur modul, dan tema visual sesuai proposal), diperolehnya solusi manajemen daya menggunakan boost converter dengan rentang tegangan baterai yang dapat digunakan secara penuh, disertai temuan noise pada tegangan output yang perlu ditindaklanjuti pada tahap kalibrasi sensor berikutnya, serta terpantaunya progres kedua divisi teknis dengan keterlibatan langsung Ketua Tim dalam proses pengujian. Kegiatan ini merupakan bagian dari tahap Implementasi dan Perancangan Sistem pada flowchart metode PKM ANTARAGA. Persentase capaian rangkaian PKM: 2%.",2%,https://drive.google.com/drive/folders/1ka6UG7zX1HsxZ0pMj2wbPz2OhhvAo24K?usp=sharing,TRUE,File Pendukung_Kadek Savita Dyutianaya_PKM-KC_PENS 22 Juni 2026,,
,,,,,,,,ALLY,"Mengganti komponen buck converter tipe mini360 dengan boost converter dengan output fix 5V milik lab dan melakukan uji pembebanan 500mA konstan dengan power supply. hasilnya rentang tegangan baterai (3V-4.2V) dapat digunakan secara penuh, namun tegangan output mengandung noise yang dikhawatirkan dapat mengganggu pembacaan sensor ",,,,,,,,
,,,,,,,,KADEK,,,,,,,,,
,weekly meeting antaraga,,24 Juni 2026,13:00 - 18:00,300,,TIDAK,ALL,"melakukan update progress masing-masing anggota tim, dan menjadwalkan kembali deadline pngerjaan jobdesk. hasilnya, masing-masing anggota tim mengetahui progress satu sama lain dan memiliki rencana untuk menyelesaikan  jobdesk sesuai dengan timeline terbaru","Tim ANTARAGA melakukan weekly meeting untuk melakukan update progres masing-masing anggota, serta menjadwalkan kembali deadline pengerjaan jobdesk yang telah berjalan. Dari pertemuan ini, masing-masing anggota tim saling mengetahui progres satu sama lain, dan disepakati rencana penyesuaian tenggat waktu penyelesaian jobdesk agar tetap sejalan dengan timeline proyek yang telah direvisi sebelumnya.","Tim melakukan sinkronisasi progres pengerjaan setiap anggota serta menyepakati penyesuaian tenggat waktu dengan timeline proyek, agar seluruh kegiatan tetap berjalan sejalan satu sama lain. Kegiatan ini merupakan bagian dari tahap Monitoring dan Evaluasi Internal pada flowchart metode PKM ANTARAGA. Persentase capaian rangkaian PKM: 1%.",2%,https://drive.google.com/drive/folders/1mtWjZfpm-cZ-6TlZbrCZfrru_sLNLgpC?usp=sharing,TRUE,File Pendukung_Kadek Savita Dyutianaya_PKM-KC_PENS 24 Juni 2026,,
,,,,,,,,,,,,,,,,,
,,,,,,,,,,,,,,,,,
,,,,,,,,,,,,,,,,,
,,,,,,,,,,,,,,,,,
,"Pencatatan Perkembangan Media Sosial, Pendalaman Studi Literatur, dan Perancangan Maskot ANTARAGA",,25 Juni 2026,10:00 - 15:00,300,,TIDAK,TIWI,"Pencatatan perkembangan jumlah followers dan unggahan pada akun Instagram ANTARAGA sebagai bahan dokumentasi perkembangan media sosial. Di sela pengerjaan, turut membaca kembali jurnal referensi terkait validasi smartband berbasis PPG terhadap gold standard ECG untuk memperdalam pemahaman materi sebagai bekal penyusunan bab tinjauan pustaka mendatang.","Tiwi melakukan pencatatan perkembangan jumlah followers dan unggahan pada akun Instagram ANTARAGA sebagai bahan dokumentasi perkembangan media sosial. Di sela pengerjaan tersebut, Tiwi turut membaca kembali jurnal referensi terkait validasi smartband berbasis PPG terhadap gold standard ECG, guna memperdalam pemahaman materi sebagai bekal penyusunan bab tinjauan pustaka pada laporan kemajuan mendatang. Sementara itu, Zeven melakukan perancangan pembuatan maskot ANTARAGA, mencakup pembuatan desain kasaran (rough design) maskot, serta melanjutkan proses editing untuk konten #2 yang sebelumnya telah diproduksi.","Terdokumentasikannya perkembangan media sosial ANTARAGA (jumlah followers dan unggahan) sebagai bahan monitoring, diperolehnya pemahaman lebih mendalam terkait validasi smartband berbasis PPG terhadap gold standard ECG sebagai bekal penyusunan tinjauan pustaka, tersusunnya desain kasaran maskot ANTARAGA, serta berlanjutnya proses editing konten #2. Kegiatan ini merupakan bagian dari tahap Studi Literatur dan Publikasi pada flowchart metode PKM ANTARAGA. Persentase capaian rangkaian PKM: 2%.",2%,https://drive.google.com/drive/folders/1nBlLbHb6gVKaCgFAxR5ApfZ3W_CSyDut?usp=sharing,TRUE,File Pendukung_Kadek Savita Dyutianaya_PKM-KC_PENS 25 Juni 2026,,
,,,,,,,,ZEVEN,"perancangan revisi pembuatan maskot antaraga, membuat design kasaran dan melanjutkan editing untuk konten 2",,,,,,,,
TOTAL DURASI,,,,,1200,,,,,,,8%,,,,,
,Desain Skematik Awal & Analisis Manajemen Daya,6,27 Juni 2026,16:00 - 21:00,300,,TIDAK,ADAM,"Melakukan pengembangan antarmuka aplikasi mobile ANTARAGA dengan membangun halaman login, registrasi, profil awal, serta dashboard sesuai rancangan sistem.","Adam selaku pengembang aplikasi melakukan pengembangan antarmuka aplikasi mobile ANTARAGA dengan membangun halaman login, registrasi, profil awal, serta dashboard sesuai rancangan sistem yang telah disusun sebelumnya. Di sisi hardware, Ally mencari dan meriset datasheet komponen linear regulator ultra-LDO 3.3V yang tersedia di pasaran, sebagai bagian dari evaluasi komponen daya yang lebih stabil untuk menggantikan solusi sebelumnya yang masih menunjukkan kendala noise pada tegangan output. Sementara itu, Kadek selaku Ketua Tim melakukan monitoring terhadap progres pengembangan antarmuka aplikasi mobile oleh Adam dan riset komponen regulator daya oleh Ally, memastikan kedua pengerjaan berjalan sesuai target dan selaras dengan kebutuhan sistem ANTARAGA secara keseluruhan.","Berkembangnya antarmuka aplikasi mobile ANTARAGA (halaman login, registrasi, profil awal, dan dashboard), diperolehnya referensi datasheet komponen linear regulator ultra-LDO 3.3V sebagai kandidat solusi manajemen daya yang lebih stabil, serta terpantaunya progres kedua divisi teknis oleh Ketua Tim. Kegiatan ini merupakan bagian dari tahap Implementasi dan Perancangan Sistem pada flowchart metode PKM ANTARAGA. Persentase capaian rangkaian PKM: 3%.",3%,https://drive.google.com/drive/folders/1ECX4WxaCKPnG-BVJjkQi9XB9-3xPCUFR?usp=sharing,TRUE,File Pendukung_Kadek Savita Dyutianaya_PKM-KC_PENS 27 Juni 2026,,
,,,,,,,,ALLY,Mencari dan meriset datasheet komponen linear regulator ultra-LDO 3.3V yang tersedia di pasaran,,,,,,,,
,,,,,,,,KADEK,,,,,,,,,
,weekly meeting ANTARAGA,,28 Juni 2026,16:20 - 21:20,300,Whatsapp Call,,ALL,"Rapat koordinasi untuk sinkronisasi progres hardware, software, konten, dan administrasi. Seluruh tim telah menetapkan target penyelesaian tugas untuk persiapan maksimal menghadapi Monev 23 Juli.","Tim ANTARAGA melaksanakan rapat koordinasi mingguan melalui WhatsApp Call untuk sinkronisasi progres hardware, software, konten, dan administrasi, sebagai persiapan menghadapi Monev pada 23 Juli mendatang. Ally melaporkan rencana pencetakan PCB, diskusi firmware, serta perbaikan modul ESP, disertai rencana follow-up konsultasi dengan dosen pembimbing serta pembelian modul charger dan ESP pada pekan berikutnya. Adam melaporkan progres berupa selesainya pembuatan server (API) beserta perbaikan masalah data statis, penambahan fitur registrasi untuk pemakaian dua alat dalam satu aplikasi, penambahan fitur notifikasi peringatan, serta rencana demonstrasi end-to-end dan training model. Tiwi melaporkan hasil diskusi bersama Zeven terkait konten mingguan, pemberian akses akun TikTok kepada Zeven, mulai menyusun templat laporan kemajuan, serta rencana pembuatan caption untuk konten wajib, disertai komitmen mendokumentasikan perkembangan media sosial setiap minggu. Zeven melaporkan rencana penyelesaian konten utama berupa video, penyelesaian unggahan maskot ANTARAGA, serta rencana mulai mengunggah konten ke TikTok. Kadek melaporkan status logbook keuangan dan mingguan yang masih tertunda menunggu kelengkapan data pembelian, serta rencana pengurusan ethical clearance dan informed consent form sebagai syarat administratif sebelum pelaksanaan pengujian kepada responden lansia. Setelah meeting, Ally melakukan pembelian connector JST SH.","Tersinkronisasinya progres seluruh divisi (hardware, software, konten, dan administrasi) beserta target penyelesaian menjelang Monev 23 Juli, tersusunnya rencana kerja mingguan tiap anggota, terbelinya beberapa komponen, serta teridentifikasinya kebutuhan administratif ethical clearance dan informed consent untuk tahap pengujian mendatang. Kegiatan ini merupakan bagian dari tahap Monitoring dan Evaluasi Internal pada flowchart metode PKM ANTARAGA. Persentase capaian rangkaian PKM: 3%.",3%,https://drive.google.com/drive/folders/1pXtT937okj42TWK87SdfHYYozifO5Nmt?usp=sharing,TRUE,File Pendukung_Kadek Savita Dyutianaya_PKM-KC_PENS 28 Juni 2026,,
,,,,,,,,,,,,,,,,,
,,,,,,,,,,,,,,,,,
,,,,,,,,,,,,,,,,,
,,,,,,,,,,,,,,,,,
,"Penyelesaian Antarmuka Aplikasi Mobile, Pembelian Komponen Tahap 2, dan Studi Literatur Penanganan Class Imbalance",,2 Juli 2026,12:00 - 17:00,300,Kampus PENS,YA,ADAM,"Melanjutkan pengembangan antarmuka aplikasi mobile ANTARAGA dengan mengimplementasikan halaman Hubungkan Perangkat, Detail Statistik Jam, Detail Statistik Harian, dan Assessment ABCD2 sesuai rancangan sistem. Hasilnya, seluruh desain antarmuka aplikasi mobile ANTARAGA telah berhasil diselesaikan dan siap untuk diintegrasikan dengan backend server pada tahap pengembangan berikutnya.","Adam selaku pengembang aplikasi melanjutkan pengembangan antarmuka aplikasi mobile ANTARAGA dengan mengimplementasikan halaman Hubungkan Perangkat, Detail Statistik Jam, Detail Statistik Harian, dan Assessment ABCD2 sesuai rancangan sistem. Hasilnya, seluruh desain antarmuka aplikasi mobile ANTARAGA telah berhasil diselesaikan dan siap untuk diintegrasikan dengan backend server pada tahap pengembangan berikutnya. Di sisi hardware, Ally melakukan pembelian komponen tahap 2, termasuk membeli linear regulator RT9013-33GB sebagai kandidat solusi manajemen daya yang lebih stabil. Ally juga merevisi desain skematik serta melakukan analisis manajemen daya lanjutan untuk mengestimasi durasi efektif sistem hardware bekerja. Kadek selaku Ketua Tim melakukan monitoring terhadap progres penyelesaian antarmuka aplikasi mobile oleh Adam dan pembelian serta revisi desain hardware oleh Ally, memastikan kedua pengerjaan tetap sejalan dengan target penyelesaian menjelang Monev 23 Juli, serta melakukan penyusunan serta pengajuan dokumen permohonan izin pengujian alat kepada pihak administrasi PENS yang selanjutnya diserahkan kepada pihak Dinas Kesehatan. Di sisi non-teknis, Tiwi membaca jurnal referensi terkait penerapan teknik class-balanced loss pada model berbasis Gradient Boosting (termasuk XGBoost yang digunakan pada model ANTARAGA), sebagai tindak lanjut dari temuan ketidakseimbangan kelas (class imbalance) pada dataset yang teridentifikasi sebelumnya, guna memperkuat pemahaman metode yang dapat diterapkan pada model prediksi risiko stroke ANTARAGA. Zeven melakukan finalisasi desain maskot ANTARAGA dan mulai membuat desain untuk weekly post Instagram, serta melanjutkan proses editing untuk konten #2.","Selesainya seluruh desain antarmuka aplikasi mobile ANTARAGA dan siap diintegrasikan dengan backend, diperolehnya komponen linear regulator RT9013-33GB melalui pembelian tahap 2 beserta revisi desain skematik dan estimasi durasi efektif sistem hardware, terpantaunya progres kedua divisi teknis oleh Ketua Tim, diperolehnya referensi teknik class-balanced loss sebagai solusi potensial atas isu class imbalance pada model prediksi risiko stroke, serta selesainya finalisasi desain maskot ANTARAGA dan berlanjutnya proses editing konten #2. Kegiatan ini merupakan bagian dari tahap Implementasi dan Perancangan Sistem pada flowchart metode PKM ANTARAGA. Persentase capaian rangkaian PKM: 3%.",3%,https://drive.google.com/drive/folders/1DYiZl2DzRzC_QCj8wctsu0sEPtdTNpYc?usp=sharing,TRUE,File Pendukung_Kadek Savita Dyutianaya_PKM-KC_PENS 2 Juli 2026,,
,,,,,,,,ALLY,"melakukan pembelian tahap 2, termasuk membeli linear regulator RT9013-33GB. juga merevisi desain skematik dan melakukan analisis manajemen daya lanjutan untuk estimasi durasi efektif sistem hardware bekerja",,,,,,,,
,,,,,,,,KADEK,penyusunan serta pengajuan dokumen permohonan izin pengujian alat kepada pihak administrasi PENS untuk memastikan kesiapan operasional pengujian di lapangan.,,,,,,,,
,,,,,,,,TIWI,"Membaca jurnal referensi terkait penerapan class-balanced loss pada Gradient Boosting untuk data tidak seimbang, guna memperkuat pemahaman metode yang digunakan pada model prediksi risiko stroke ANTARAGA.",,,,,,,,
,,,,,,,,ZEVEN,finalisasi maskot antaraga dan mulai membuat design untuk weekly post ke instagram dan juga melanjutkan editing untuk konten 2,,,,,,,,
,"Pembuatan Weekly Konten, Finalisasi Konten #2, dan Penyusunan Caption",,3 Juli 2026,13:00-18:00,300,,,TIWI,"Menyusun konten mingguan ANTARAGA serta melakukan finalisasi konten #2, mencakup penyusunan dan penyempurnaan caption agar pesan dan identitas program tersampaikan secara jelas sebelum konten dipublikasikan di Instagram.","Tiwi menyusun konten mingguan ANTARAGA serta melakukan finalisasi konten #2, mencakup penyusunan dan penyempurnaan caption agar pesan dan identitas program tersampaikan secara jelas sebelum konten dipublikasikan di Instagram. Sementara itu, Zeven menyelesaikan tiga desain feed Instagram bertema maskot ANTARAGA, serta merevisi hasil konten #2 dikarenakan adanya penyesuaian terhadap videonya.","Tersusunnya konten mingguan ANTARAGA beserta caption yang telah disempurnakan, siap untuk dipublikasikan di Instagram, serta selesainya tiga desain feed bertema maskot ANTARAGA dan revisi konten #2 sesuai penyesuaian video. Kegiatan ini merupakan bagian dari tahap Publikasi pada flowchart metode PKM ANTARAGA. Persentase capaian rangkaian PKM: 3%.",3%,https://drive.google.com/drive/folders/1WILd2E-jgKwEY5g_XVrDQKKmwIo-s9Tn?usp=sharing,TRUE,File Pendukung_Kadek Savita Dyutianaya_PKM-KC_PENS 3 Juli 2026,,
,,,,,,,,ZEVEN,menyelesaikan 3 deisgn feed instagram tentang maskot dan merevisi hasil konten 2 karena ada penyesuaian terhadap videonya,,,,,,,,
TOTAL DURASI,,,,,1200,,,,,,,12%,,,,,
,Publikasi & Promosi Weekly Konten dan Konten #2,7,4 Juli 2026,10:00-15:00,300,,YA,TIWI,"Melakukan publikasi konten mingguan dan menjalankan pengiklanan konten untuk meningkatkan jangkauan audiens pada konten 2, yaitu konten program untuk memenuhi luaran wajib PKM.
","Zeven menyelesaikan proses crosscheck akhir terhadap seluruh materi yang perlu diunggah, meliputi konten #2 dan konten bertema maskot ANTARAGA, guna memastikan kesiapan sebelum dipublikasikan. Setelah proses crosscheck selesai, Tiwi melakukan publikasi konten mingguan ANTARAGA di Instagram, serta menjalankan periklanan (paid promotion) pada konten #2 untuk meningkatkan jangkauan audiens, mengingat konten #2 merupakan konten program yang menjadi bagian dari luaran wajib PKM.","Terpublikasinya konten mingguan ANTARAGA beserta konten #2 (konten program) di Instagram, disertai penggunaan layanan periklanan berbayar untuk memperluas jangkauan audiens pada konten #2 sebagai pemenuhan luaran wajib PKM. Kegiatan ini merupakan bagian dari tahap Publikasi pada flowchart metode PKM ANTARAGA. Persentase capaian rangkaian PKM: 2%.",2%,https://drive.google.com/drive/folders/1kduz9iobzAMgsJnB3-2L1v9eIQdG-Icm?usp=sharing,TRUE,File Pendukung_Kadek Savita Dyutianaya_PKM-KC_PENS 4 Juli 2026,,
,,,,,,,,ZEVEN,menyelesaikan semua dan crosscheck yang perlu di upload seperti konten 2 dan maskot ,,,,,,,,
,"Studi Dataset dan Model Baseline XGBoost, Pengembangan Firmware Sensor SON1303, dan Penyusunan Draf Template Laporan Kemajuan",,7 Juli 2026,10:00-15:00,300,,,ADAM,"Melakukan studi dataset serta preprocessing data untuk persiapan membangun model baseline deteksi risiko stroke beserta evaluasi awal performanya. Hasilnya, berhasil memperoleh dataset yang telah melalui proses analisis dan preprocessing sehingga siap digunakan untuk pelatihan model. Namun, ditemukan masalah ketidakseimbangan kelas (class imbalance) pada dataset sehingga diperlukan penyesuaian parameter atau algoritma pelatihan untuk meningkatkan performa model daripada menggunakan normal gradient boosting yang kurang mumpuni untuk menangani imbalance class","Adam selaku pengembang aplikasi melakukan studi dataset serta preprocessing data untuk persiapan membangun model baseline deteksi risiko stroke, beserta evaluasi awal performanya. Hasilnya, berhasil diperoleh dataset yang telah melalui proses analisis dan preprocessing sehingga siap digunakan untuk pelatihan model. Namun, ditemukan masalah ketidakseimbangan kelas (class imbalance) pada dataset, sehingga diperlukan penyesuaian parameter atau algoritma pelatihan untuk meningkatkan performa model, dibandingkan menggunakan normal gradient boosting yang kurang mumpuni untuk menangani imbalance class. Di sisi hardware, Ally membuat dan menguji firmware sensor SON1303, termasuk melakukan analisis sinyal yang dihasilkan dengan metode band-pass, FFT, dan perhitungan BPM. Dari pengujian ini, ditemukan noise 50Hz pada sinyal analog PPG hijau, sehingga dilakukan revisi skematik dengan menambahkan ferrite bead untuk reduksi noise dan P-channel MOSFET untuk aktivasi sensor. Hasil sinyal paling optimal diperoleh dengan konfigurasi SAR, ADC 12-bit, dan oversample 16x. Sementara itu, Kadek selaku Ketua Tim melakukan monitoring terhadap progres studi dataset dan pemodelan AI oleh Adam serta pengembangan firmware sensor oleh Ally, sekaligus mulai menyusun draf template laporan kemajuan sebagai persiapan awal penulisan laporan PKM.","Diperolehnya dataset yang telah melalui proses analisis dan preprocessing untuk pelatihan model, teridentifikasinya isu class imbalance yang memerlukan penyesuaian metode pelatihan model prediksi risiko stroke, berfungsinya firmware sensor SON1303 dengan hasil sinyal optimal melalui revisi skematik (ferrite bead dan P-channel MOSFET) serta konfigurasi ADC yang tepat, terpantaunya progres kedua divisi teknis oleh Ketua Tim, serta tersusunnya draf awal template laporan kemajuan. Kegiatan ini merupakan bagian dari tahap Implementasi dan Perancangan Sistem pada flowchart metode PKM ANTARAGA. Persentase capaian rangkaian PKM: 2%.",2%,https://drive.google.com/drive/folders/1w_NBbYZ0XeM0dEfRSOtJ9pSiVQ6vm6J-?usp=sharing,TRUE,File Pendukung_Kadek Savita Dyutianaya_PKM-KC_PENS 7 Juli 2026,,
,,,,,,,,ALLY,"membuat dan menguji firmware sensor SON1303, termasuk melakukan analisis sinyal yang dihasilkan dengan metode band-pass, FFT, dan perhitungan BPM. terjadi noise 50Hz pada sinyal analog PPG hijau, sehingga harus revisi skematik dengan menambahkan ferrite bead untuk reduksi noise dan P-channel MOSFET untuk aktivasi sensor. hasil sinyal paling optimal didapat dengan konfigurasi SAR, ADC 12-bit, dan oversample 16x",,,,,,,,
,,,,,,,,KADEK,,,,,,,,,
,Riset Lokasi dan Pengisian Berkas untuk Pengajuan Ethical Clearance,,8 Juli 2026,10:00-15:00,300,,,KADEK,"Melakukan riset lokasi dan dokumen persyaratan untuk mengajukan ethical clearance. hasilnya, tim mendapatkan lokasi pengajuan di KEPK FKM Universitas Airlangga. selain itu, tim juga langsung melengkapi dokumen yang dibutuhkan untuk pengajuan ethical clearance.","Kadek dan Tiwi melakukan riset lokasi serta dokumen persyaratan untuk pengajuan ethical clearance, yang diperlukan sebagai syarat administratif sebelum pelaksanaan pengujian kepada responden lansia. Hasilnya, tim mendapatkan lokasi pengajuan di Komisi Etik Penelitian Kesehatan (KEPK) Fakultas Kesehatan Masyarakat Universitas Airlangga. Selain itu, tim juga langsung melengkapi dokumen-dokumen yang dibutuhkan untuk pengajuan ethical clearance tersebut.","Diperolehnya kejelasan lokasi pengajuan ethical clearance di KEPK FKM Universitas Airlangga, serta terlengkapinya dokumen-dokumen persyaratan yang dibutuhkan untuk proses pengajuan. Kegiatan ini merupakan bagian dari tahap Persiapan Pelaksanaan pengujian pada flowchart metode PKM ANTARAGA, sebagai syarat etik sebelum pengujian kepada responden lansia dapat dilaksanakan. Persentase capaian rangkaian PKM: 2%.",2%,https://drive.google.com/drive/folders/1n2aihNrhAEF8-fxvZGOPSa-DQjou8QK3?usp=sharing,TRUE,File Pendukung_Kadek Savita Dyutianaya_PKM-KC_PENS 8 Juli 2026,,
,,,,,,,,TIWI,,,,,,,,,
,Weekly Meeting ANTARAGA: Evaluasi Progres Mingguan,,9 Juli 2026,08:00-13:00,300,,TIDAK,ALL,"Evaluasi mingguan untuk meninjau progres pekerjaan anggota tim dan memastikan target tetap tercapai. selain itu, tim juga melakukan pembelian bahan lanjutan","Tim ANTARAGA melaksanakan evaluasi mingguan untuk meninjau progres pekerjaan masing-masing anggota, mencakup perkembangan hardware, software, konten, dan administrasi, guna memastikan target pengerjaan tetap tercapai sesuai timeline.",Terlaksananya koordinasi tim dan peninjauan progres mingguan untuk menjaga alur kerja seluruh divisi tetap sejalan dengan target yang telah ditetapkan. Kegiatan ini merupakan bagian dari tahap Monitoring dan Evaluasi Internal pada flowchart metode PKM ANTARAGA. Persentase capaian rangkaian PKM: 2%.,2%,https://drive.google.com/drive/folders/1CZ46h1zs7hAkhxGz-9SKhJgYiLfR_H0O?usp=sharing,TRUE,File Pendukung_Kadek Savita Dyutianaya_PKM-KC_PENS 9 Juli 2026,,
,,,,,,,,,,,,,,,,,
,,,,,,,,,,,,,,,,,
,,,,,,,,,,,,,,,,,
,,,,,,,,,,,,,,,,,
,"Pembelian Komponen Tahap 3, Pengujian Sensor MAX30102, dan Studi Penanganan Class Imbalance dengan XGBoost",,10 Juli 2026,14:00 - 19:00,300,Ruang Kerja Pribadi Tim,YA,ALLY,"melakukan pembelian tahap 3. mencakup membeli filament PETG, ferrite bead, P-channel MOSFET, dan sensor MAX30102. melakukan pengujian sensor MAX30102, dan didapat hasil alamat i2c tidak terbaca yang mengindkasikan sensor cacat pabrik","Ally melakukan pembelian komponen tahap 3, mencakup pembelian filament PETG, ferrite bead, P-channel MOSFET, dan sensor MAX30102. Selanjutnya, dilakukan pengujian terhadap sensor MAX30102 yang baru dibeli, dengan hasil menunjukkan alamat I2C tidak terbaca, yang mengindikasikan sensor mengalami cacat produksi (factory defect). Di sisi software, Adam mempelajari algoritma Extreme Gradient Boosting (XGBoost) sebagai alternatif untuk menangani ketidakseimbangan kelas (class imbalance) pada dataset, sebagai tindak lanjut dari kajian literatur class-balanced loss yang telah dilakukan sebelumnya. Berdasarkan hasil studi ini, diputuskan untuk menggunakan XGBoost, dan dilakukan persiapan awal berupa import library serta penyiapan dataset. Untuk menangani class imbalance, digunakan pembobotan pada fungsi loss melalui parameter scale_pos_weight, sehingga penyesuaian bobot dilakukan saat proses training tanpa menghasilkan sampel sintetis yang berpotensi memunculkan pola tidak representatif pada data medis. Rasio pembobotan ditetapkan sebesar 1:19,52 sesuai dengan proporsi kelas pada dataset, dengan kasus stroke sebesar 4,87%. Sementara itu, Zeven merancang konsep konten mingguan.",,2%,https://drive.google.com/drive/folders/1wkRhrt_gEI6gUtfsVf_odomJpFooyBY8?usp=sharing,TRUE,File Pendukung_Kadek Savita Dyutianaya_PKM-KC_PENS 10 Juli 2026,,
,,,,,,,,ADAM,"Mempelajari algoritma Extreme Gradient Boosting (XGBoost) sebagai alternatif untuk menangani ketidakseimbangan kelas pada dataset. Berdasarkan hasil studi, diputuskan untuk menggunakan XGBoost dan dilakukan persiapan awal berupa import library serta penyiapan dataset. Untuk menangani class imbalance, digunakan pembobotan pada fungsi loss melalui parameter scale_pos_weight, sehingga penyesuaian bobot dilakukan saat proses training tanpa menghasilkan sampel sintetis yang berpotensi memunculkan pola tidak representatif pada data medis. Rasio pembobotan ditetapkan sebesar 1:19,52 sesuai dengan proporsi kelas pada dataset, dengan kasus stroke sebesar 4,87%.",,"Diperolehnya komponen tambahan hasil pembelian tahap 3, teridentifikasinya kendala cacat produksi pada sensor MAX30102 yang baru dibeli sehingga perlu penggantian atau klaim ke penjual, serta diputuskannya penggunaan algoritma XGBoost dengan pembobotan scale_pos_weight (rasio 1:19,52) sebagai metode penanganan class imbalance pada model prediksi risiko stroke tanpa mengorbankan representativitas data medis. Kegiatan ini merupakan bagian dari tahap Implementasi dan Perancangan Sistem pada flowchart metode PKM ANTARAGA. Persentase capaian rangkaian PKM: 2%.",,,,,,
,,,,,,,,ZEVEN,merancang konsep weekly konten,,,,,,,,
TOTAL DURASI,,,,,1500,,,,,,,10%,,,,,
,"Pengujian Model Tanpa Pembobotan, Pembelian dan Testing Backup Sensor MAX30102, serta Pengembangan Content Marketing",8,11 Juli 2026,10:00-14:00,240,Ruang Kerja Pribadi Tim,,ADAM,"Mencoba hasil prediksi tanpa proporsi pembobotan. Maka sesuai dugaan hasil pengujian menunjukkan bahwa akurasi dapat memberikan gambaran yang menyesatkan, karena model yang selalu memprediksi kelas tidak stroke dapat mencapai akurasi sekitar 95% padahal dia tidak mampu mendeteksi kasus stroke. Oleh karena itu, evaluasi difokuskan pada Average Precision (PR-AUC) sebagai metrik utama yang lebih merepresentasikan kemampuan mendeteksi kelas minoritas, dengan ROC-AUC, recall, dan precision sebagai metrik pendukung. Hasil pengujian menunjukkan bahwa model tanpa pembobotan memiliki performa yang kurang baik dalam mendeteksi kasus stroke.","Di sisi software, Adam melakukan pengujian prediksi model tanpa menggunakan proporsi pembobotan. Sesuai dugaan, hasil pengujian menunjukkan bahwa tingkat akurasi memberikan gambaran yang menyesatkan (accuracy paradox), di mana model yang selalu memprediksi kelas ""tidak stroke"" mampu mencapai akurasi sekitar 95%, namun gagal total dalam mendeteksi kasus stroke. Oleh karena itu, evaluasi difokuskan pada Average Precision (PR-AUC) sebagai metrik utama yang lebih merepresentasikan kemampuan mendeteksi kelas minoritas, disertainya metrik pendukung seperti ROC-AUC, recall, dan precision. Hasil akhir pengujian membuktikan bahwa model tanpa pembobotan memiliki performa yang kurang baik dalam mendeteksi kasus stroke. Di sisi hardware, Ally melakukan pembelian backup sensor MAX30102 dan langsung dilanjutkan dengan pengujian fungsionalitas. Hasil pengujian menunjukkan adanya kerusakan pada LED IR internal sensor yang ditandai dengan LED tidak menyala serta munculnya noise tinggi pada nilai keluaran ADC. Sementara itu, Zeven merancang konsep weekly content untuk kebutuhan publikasi media sosial program.","Terbuktinya kelemahan model tanpa pembobotan (class imbalance) melalui evaluasi metrik PR-AUC, ROC-AUC, recall, dan precision, teridentifikasinya kerusakan teknis (LED IR tidak menyala dan noise ADC) pada backup sensor MAX30102, serta tersusunnya desain weekly content untuk branding media sosial. Kegiatan ini merupakan bagian dari tahap Pengujian Model Machine Learning, Evaluasi Hardware, dan Media Publikasi pada flowchart metode PKM ANTARAGA. Persentase capaian rangkaian PKM: 2%.",2%,https://drive.google.com/drive/folders/11esS-aV5ATwnRw15otAp3sLDrFqxU6JY?usp=sharing,TRUE,File Pendukung_Kadek Savita Dyutianaya_PKM-KC_PENS 11 Juli 2026,,
,,,,,,,,ALLY,"membeli backup sensor MAX30102. melakukan pengujian pada sensor MAX30102, didapat hasil LED IR internal mengalami kerusakan yang ditandai dengan LED IR tidak menyala dan noise ADC ",,,,,,,,
,,,,,,,,ZEVEN,mendesign weekly content,,,,,,,,
,"Pengujian Performa Hardware Multi-Sensor, Migrasi Mikrokontroler ke XIAO ESP32-S3, Implemetasi Parameter XGBoost, Finalisasi Fitur Aplikasi Mobile, dan Pemetaan Lokasi Kunjungan",,12 Juli 2026,,240, Kampus PENS,,ALLY,"membuat dan menguji firmware sensor MAX30102, termasuk melakukan analisis sinyal yang dihasilkan dengan metode band-pass dan APG untuk mengekstrak fitur-fitur PWA. hasilnya sinyal PPG Merah dan Inframerah paling optimal didapat dengan konfigurasi FIFO, ADC 18-bit, dan sampling rate 400Hz","Di sisi hardware, Ally membuat dan menguji firmware sensor MAX30102 serta menganalisis sinyal keluaran (metode bandpass dan ADC). Selanjutnya, dilakukan pengujian pembacaan data multi-sensor continuous monitoring secara simultan pada prototipe awal berbasis XIAO ESP32-C3. Hasil pengujian menunjukkan sistem mengalami delay dan keterbatasan processing core, sehingga diputuskan untuk migrasi kontroler utama ke XIAO ESP32-S3. Selain itu, dilakukan pengujian durabilitas baterai untuk memverifikasi ketahanan dan stabilitas perangkat dalam kondisi pemakaian normal. Di sisi software, Adam mengimplementasikan pembobotan kelas pada algoritma menggunakan parameter scale_pos_weight pada XGBoost, serta tim menyelesaikan pengembangan fitur aplikasi mobile (sistem navigasi, layar login/registrasi, manajemen profil lansia, dashboard live vitals, serta integrasi notifikasi Firebase/FCM dan manajemen timezone otomatis berbasis API backend). Sementara itu, Tiwi membantu menyusun daftar calon lokasi kunjungan dan calon naracoba.","Terujinya firmware sensor MAX30102, terevaluasinya keterbatasan processing XIAO ESP32-C3 hingga disepakatinya migrasi ke XIAO ESP32-S3, terimplementasikannya parameter scale_pos_weight XGBoost, terintegrasinya fitur utama aplikasi mobile dengan API backend, serta tersusunnya daftar calon lokasi kunjungan naracoba. Kegiatan ini merupakan bagian dari tahap Perancangan Sistem Hardware, Pengembangan Mobile App, dan Persiapan Lapangan pada flowchart metode PKM ANTARAGA. Persentase capaian rangkaian PKM: 2%.",2%,https://drive.google.com/drive/folders/1VRtyuGdLsrMTeJRQ_89US61UdDSs5BXM?usp=sharing,TRUE,File Pendukung_Kadek Savita Dyutianaya_PKM-KC_PENS 12 Juli 2026,,
,,,,,,,,ADAM,"Mengimplementasikan pembobotan kelas pada algoritma menggunakan parameter scale_pos_weight pada XGBoost. Sehingga, harapannya nanti model dapat dilatih tanpa mengabaikan kelas minoritas, dan recall kelas stroke meningkat dibandingkan baseline tanpa pembobotan. Dan bisa dilihat bahwasannya hasil menunjukkan dengan pembobotan scale_pos_weight yang sesuai akan memberikan hasil prediksi yang jauh lebih baik daripada tanpa pembobotan kelas",,,,,,,,
,,,,,,,,TIWI,"Tiwi membantu menyusun daftar (list) calon lokasi kunjungan serta calon narasumber/naracoba lansia yang berpotensi dilibatkan dalam pengujian ANTARAGA, sebagai bahan pertimbangan sebelum proses pengajuan ethical clearance. Selain itu, Tiwi turut berdiskusi bersama Savita mengenai kebutuhan dan alur pengajuan ethical clearance ke KEPK FKM Universitas Airlangga, meskipun penyusunan berkas sepenuhnya dikerjakan oleh Savita.",,,,,,,,
,,,,,,,,,,,,,,,,,
,,,,,,,,,,,,,,,,,DONE
,"Penyetelan Hiperparameter dan Komparasi Model XGBoost vs HistGradientBoosting, Pengujian Baterai LiPo Hardware, Pengajuan Ethical Clearance ke KEPK FKM UNAIR, Studi Literatur Metrik Evaluasi, serta Pembuatan Weekly Content",,13 Juli 2026,12:30-16:30,240,ruang kerja pribadi tim,,KADEK,"Tiwi turut berdiskusi bersama Savita terkait kelengkapan daftar lokasi dan calon naracoba yang telah disusun sebelumnya, untuk memastikan kesesuaiannya dengan cakupan penelitian yang akan diajukan pada berkas ethical clearance. Proses penyusunan dan pengiriman berkas ethical clearance ke KEPK FKM Universitas Airlangga sendiri sepenuhnya dikerjakan oleh Savita selaku penanggung jawab administrasi.","Tiwi berdiskusi bersama Kadek terkait kelengkapan daftar lokasi dan calon naracoba yang telah disusun sebelumnya, guna memastikan kesesuaiannya dengan cakupan penelitian yang diajukan pada berkas ethical clearance. Tim melanjutkan pemenuhan kelengkapan seluruh dokumen administrasi yang diperlukan untuk pengajuan kelayakan etik (ethical clearance). Setelah seluruh berkas terverifikasi lengkap dan sesuai, proses pengiriman dokumen pengajuan resmi ke Komisi Etik Penelitian Kesehatan (KEPK) FKM Universitas Airlangga dilakukan melalui email oleh Kadek selaku penanggung jawab administrasi.","Terpenuhinya kelengkapan berkas administrasi, terverifikasinya kesesuaian lokasi dan daftar calon naracoba penelitian, serta terkirimnya (submitted) dokumen pengajuan ethical clearance secara resmi ke KEPK FKM Universitas Airlangga via email. Kegiatan ini merupakan bagian dari tahap Persiapan Administrasi Perizinan dan Legalitas Etik Penelitian pada flowchart metode PKM ANTARAGA. Persentase capaian rangkaian PKM: 2%.",2%,https://drive.google.com/drive/folders/1yOXIMdOvUYV7ByjrNx9CRrh6fpZaQIDt?usp=sharing,TRUE,File Pendukung_Kadek Savita Dyutianaya_PKM-KC_PENS 13 Juli 2026,,
,,,,,,,,TIWI,,,,,,,,,
,"Penyetelan Hiperparameter dan Komparasi Model XGBoost vs HistGradientBoosting, Pengujian Baterai LiPo Hardware, Pengarsipan Ethical Clearance ke KEPK FKM UNAIR, Studi Literatur Metrik Evaluasi, serta Pembuatan Weekly Content",,14 Juli 2026,13:00-17:00,240,Ruang Kerja Pribadi Anggota Tim,,ADAM,"Mempelajari algoritma HistGradientBoosting sebagai alternatif pembanding terhadap XGBoost yang digunakan dalam pengembangan model. Selanjutnya, dilakukan penyetelan hiperparameter menggunakan RandomizedSearchCV dengan StratifiedKFold 5-fold untuk mencari kombinasi parameter yang optimal. Sebanyak 40 kombinasi hiperparameter diuji dan masing-masing divalidasi menggunakan 5-fold cross-validation, sehingga menghasilkan 200 proses pelatihan. Evaluasi menggunakan Average Precision sebagai metrik utama karena dataset memiliki class imbalance. Hasil tuning menunjukkan XGBoost memperoleh Average Precision terbaik sebesar 0,2313, sedikit lebih tinggi dibandingkan HistGradientBoosting sebesar 0,2281, sehingga hasil tersebut semakin memperkuat pemilihan XGBoost sebagai algoritma utama untuk pengembangan model selanjutnya.","Adam mempelajari algoritma HistGradientBoosting sebagai alternatif pembanding terhadap XGBoost yang digunakan dalam pengembangan model. Selanjutnya, dilakukan penyetelan hiperparameter menggunakan RandomizedSearchCV dengan StratifiedKFold 5-fold untuk mencari kombinasi parameter yang optimal. Sebanyak 40 kombinasi hiperparameter diuji dan masing-masing divalidasi menggunakan 5-fold cross-validation, sehingga menghasilkan 200 proses pelatihan. Evaluasi menggunakan Average Precision sebagai metrik utama karena dataset memiliki class imbalance. Hasil tuning menunjukkan XGBoost memperoleh Average Precision terbaik sebesar 0,2313, sedikit lebih tinggi dibandingkan HistGradientBoosting sebesar 0,2281, sehingga hasil tersebut semakin memperkuat pemilihan XGBoost sebagai algoritma utama untuk pengembangan model selanjutnya. Di sisi hardware, Ally melakukan pengujian performa catu daya melalui uji charge-discharge baterai LiPo 1S 950mAh dengan beban arus konstan 500mA, menghasilkan ketahanan waktu discharge selama 97 menit 35 detik. Kadek melanjutkan pengarsipan dan pendokumentasian proses pengajuan ethical clearance yang telah dikirimkan sebelumnya ke KEPK FKM Universitas Airlangga, termasuk menyimpan salinan berkas dan bukti pengiriman sebagai referensi administratif tim ke depannya. Tiwi mendukung dengan melakukan studi literatur mendalam terkait metrik evaluasi class imbalance (PR-AUC, ROC-AUC, precision, recall) untuk penyusunan draf metode dan hasil laporan kemajuan ANTARAGA. Sementara itu, Zeven menyelesaikan perancangan 3 weekly content untuk publikasi media sosial tim.","Tervalidasinya keunggulan performa model XGBoost dibanding HistGradientBoosting melalui hyperparameter tuning, terukurnya kapasitas dan durasi discharge baterai LiPo 1S 950mAh (97 menit 35 detik), terdokumentasikannya arsip berkas pengajuan ethical clearance yang telah dikirim ke KEPK FKM Universitas Airlangga, serta terselesaikannya 3 aset weekly content media sosial. Kegiatan ini merupakan bagian dari tahap Pengembangan & Optimasi Model AI, Pengujian Subsistem Daya Hardware, Persiapan Administrasi Legalitas Etik, dan Publikasi pada flowchart metode PKM ANTARAGA. Persentase capaian rangkaian PKM: 1%.",1%,https://drive.google.com/drive/folders/1InPq8f_mfoQVa8vpRF1QEPS5z8nTsLXq?usp=sharing,TRUE,File Pendukung_Kadek Savita Dyutianaya_PKM-KC_PENS 14 Juli 2026,,
,,,,,,,,ALLY,melakukan pengujian charge-discharge baterai lipo 1s kapasitas tertulis 950mAh dengan pembebanan arus 500mA konstan. didapat hasil waktu discharge selama 97 menit 35 detik,,,,,,,,
,,,,,,,,KADEK,"Melanjutkan pengarsipan dan pendokumentasian proses pengajuan ethical clearance yang telah dikirimkan ke KEPK FKM Universitas Airlangga pada 13 Juli, termasuk menyimpan salinan berkas dan bukti pengiriman sebagai referensi administratif tim.",,,,,,,,
,,,,,,,,TIWI,"Tiwi melanjutkan studi literatur terkait metrik evaluasi model machine learning pada data tidak seimbang (class imbalance), khususnya Average Precision (PR-AUC), ROC-AUC, recall, dan precision, sebagai bahan pemahaman atas hasil tuning model XGBoost dan HistGradientBoosting yang telah dilakukan Adam. Hasil studi ini dirangkum ke dalam draf catatan bersama sebagai bahan pendukung penyusunan bagian metode dan hasil pada laporan kemajuan ANTARAGA.",,,,,,,,
,,,,,,,,ZEVEN,menyelesaikan 3 weekly konten,,,,,,,,
,"Revisi Desain PCB, Validasi Akhir Model XGBoost, Studi Literatur, dan Komunikasi Ethical Clearance",,16 Juli 2026,15:00 - 18:00,180,Ruang Kerja Pribadi Anggota Tim,,ALLY,melakukan desain board/layout PCB dengan software EasyEDA,"Kegiatan dilakukan di Ruang Kerja Pribadi Tim. Ally berfokus pada penyelesaian PCB, meliputi revisi desain skematik rangkaian berdasarkan evaluasi teknis sebelumnya serta desain board/layout PCB menggunakan software EasyEDA. Adam melakukan validasi akhir pemilihan model dengan membandingkan XGBoost dan HistGradientBoosting menggunakan validasi silang 5-fold, sebagai kelanjutan dari tahap pembelajaran dan tuning algoritma yang telah dilakukan pada 14 Juli sebelumnya. Hasilnya, XGBoost memperoleh Average Precision sebesar 0,2313, sedikit lebih tinggi dibandingkan HistGradientBoosting sebesar 0,2281. Selain performa yang lebih baik, XGBoost dipilih karena memungkinkan pembobotan kelas yang lebih fleksibel melalui parameter scale_pos_weight=19,55, sehingga kelas stroke yang hanya mencakup sekitar 4,87% data dapat diberikan bobot lebih besar selama proses training. Dengan pertimbangan performa dan fleksibilitas penanganan class imbalance tersebut, XGBoost (Extreme Gradient Boosting) ditetapkan secara final sebagai algoritma utama untuk pengembangan model deteksi risiko stroke. Tiwi berfokus pada studi literatur terkait metrik evaluasi model, khususnya PR-AUC, ROC-AUC, precision, dan recall, sebagai bahan pemahaman atas hasil tuning model yang telah dilakukan Adam. Kadek selaku Ketua Tim melakukan komunikasi terkait progres pengajuan ethical clearance dengan pihak KEPK FKM Universitas Airlangga.","Terealisasinya revisi desain skematik dan perancangan layout PCB menggunakan software EasyEDA, tervalidasinya penetapan XGBoost secara final sebagai algoritma utama dengan parameter scale_pos_weight=19,55 untuk penanganan class imbalance deteksi risiko stroke, diperolehnya pemahaman mendalam terkait metrik evaluasi model melalui studi literatur, serta terjalinnya komunikasi progres pengajuan ethical clearance dengan pihak KEPK FKM Universitas Airlangga oleh Ketua Tim. Kegiatan ini merupakan bagian dari tahap Perancangan Sistem Hardware (PCB), Optimasi Model Machine Learning, Studi Literatur, dan Persiapan Administrasi Legalitas Etik pada flowchart metode PKM ANTARAGA. Persentase capaian rangkaian PKM: 1%.",1%,https://drive.google.com/drive/folders/1Gk780JJSBFW6Xn6P9KS4tEb8yFhdCqvC?usp=sharing,TRUE,File Pendukung_Kadek Savita Dyutianaya_PKM-KC_PENS 16 Juli 2026,,
,,,,,,,,ADAM,"Melakukan validasi akhir pemilihan model dengan membandingkan XGBoost dan HistGradientBoosting menggunakan validasi silang 5-fold. Hasilnya, XGBoost memperoleh Average Precision sebesar 0,2313, sedikit lebih tinggi dibandingkan HistGradientBoosting sebesar 0,2281. Selain performa yang lebih baik, XGBoost dipilih karena kita bisa melakukan pembobotan kelas yang lebih fleksibel melalui parameter scale_pos_weight=19,55, sehingga kelas stroke yang hanya mencakup sekitar 4,87% data dapat diberikan bobot lebih besar selama proses training. Dengan pertimbangan performa dan fleksibilitas penanganan class imbalance tersebut, XGBoost (Extreme Gradient Boosting) ditetapkan sebagai algoritma utama untuk pengembangan model deteksi risiko stroke.",,,,,,,,
,,,,,,,,TIWI,"Pada weekly meeting ini, Tiwi melaporkan progres pengiriman berkas ethical clearance yang telah dikirimkan ke KEPK FKM Unair, serta melaporkan progres studi literatur terkait metrik evaluasi model. Selain itu, Tiwi mulai menyusun kerangka (outline) laporan kemajuan ANTARAGA mengacu pada template resmi PKM-KC 2026, sebagai acuan pembagian bagian penulisan antar anggota tim.",,,,,,,,
,,,,,,,,,,,,,,,,,
,,,,,,,,,,,,,,,,,
TOTAL DURASI,,,,,1140,,,,,,,8%,,,,,
,"Weekly Meet ANTARAGA: Pembelian Bahan, Revisi Mikrokontroler, Penyetelan Threshold Model, dan Persiapan Laporan Kemajuan",9,17 Juli 2026,14:00-16:00,120,Kampus PENS,YA,ALL,beli bahan,"Seluruh anggota tim melaksanakan weekly meeting di Kampus PENS untuk membahas progres, kendala, serta solusi teknis program, sekaligus melakukan pembelian bahan yang diperlukan untuk kelanjutan pengembangan hardware. Ally memaparkan perlunya mengganti mikrokontroler XIAO ESP32-C3 menjadi XIAO ESP32-S3 akibat limitasi SRAM dan keterbatasan komputasi protokol cloud pada versi sebelumnya, sehingga skematik serta layout PCB disepakati untuk direvisi. Di sisi software, Adam melakukan penyetelan ambang batas (threshold) keputusan model menggunakan prediksi out-of-fold pada data training, mengingat threshold bawaan 0,5 kurang optimal pasca-penerapan pembobotan kelas (scale_pos_weight). Dihasilkan threshold optimal sebesar 0,705 dengan nilai F1-score 0,2946, yang kemudian dievaluasi bersama tim. Sementara itu, Tiwi melaporkan progres penyusunan kerangka laporan kemajuan, membahas persiapan menjelang Monev Internal 2, serta mulai mengisi bagian pendahuluan dan tinjauan pustaka pada draf laporan kemajuan. Kadek selaku Ketua Tim mempersiapkan bahasan dan memimpin jalannya weekly meeting hari itu. Zeven turut membantu mengisi bagian pendahuluan pada draf laporan kemajuan, serta melakukan dokumentasi weekly meeting.","Terlaksananya evaluasi weekly meeting yang dipimpin oleh Ketua Tim, disetujuinya revisi skematik/PCB dan keputusan migrasi ke XIAO ESP32-S3, diperolehnya threshold optimal model sebesar 0,705 (F1-score 0,2946), dimulainya penyusunan draf laporan kemajuan (pendahuluan dan tinjauan pustaka) secara kolaboratif oleh Tiwi dan Zeven, serta terdokumentasikannya jalannya weekly meeting sebagai persiapan Monev Internal 2. Kegiatan ini merupakan bagian dari tahap Evaluasi Periodik Tim, Optimasi Model Machine Learning, dan Penyusunan Laporan Kemajuan pada flowchart metode PKM ANTARAGA. Persentase capaian rangkaian PKM: 1%.",1%,https://drive.google.com/drive/folders/1500SJogNfKlFPhNU1g5_86hyXH900_FE?usp=drive_link,TRUE,File Pendukung_Kadek Savita Dyutianaya_PKM-KC_PENS 17 Juli 2026,,
,,,,,,,,ALLY,"diskusi terkait keterbatasan mikrokontroler rancangan awal. hasilnya mengganti XIAO ESP32 C3 dengan membeli versi XIAO ESP32 S3, dikarenakan limitasi SRAM dan limitasi komputasi protokol cloud. sehingga skematik dan layout PCB di revisi",,,,,,,,
,,,,,,,,ADAM,"Melakukan penyetelan ambang batas (threshold) keputusan model menggunakan prediksi out-of-fold pada data training karena threshold bawaan 0,5 belum tentu optimal setelah penerapan pembobotan kelas scale_pos_weight. Hasilnya, diperoleh threshold optimal sebesar 0,705 dengan F1-score 0,2946. Hasil penyetelan threshold kemudian dibahas dalam weekly meeting bersama tim untuk mengevaluasi pemilihan threshold tersebut.",,,,,,,blm ada nota,
,,,,,,,,TIWI,"Tiwi melaporkan progres penyusunan kerangka laporan kemajuan pada weekly meeting, serta turut membahas kendala dan solusi yang dihadapi tim, termasuk persiapan menjelang Monev Internal 2. Selain itu, Tiwi mulai mengisi bagian pendahuluan dan tinjauan pustaka pada draf laporan kemajuan berdasarkan kerangka yang telah disusun sebelumnya.",,,,,,,,
,,,,,,,,KADEK,"mempersiapkan pembahasan daily meeting, memimpin daily meeting",,,,,,,,
,,,,,,,,ZEVEN,"membantu mengisi bagian pendahuluan di laporan kemajuan, melakukan dokumentasi weekly meeting",,,,,,,,SON1303
,"Evaluasi Performa Recall Model XGBoost Final pada Data Uji, Fabrikasi dan Penyolderan Hardware PCB, Penyusunan Draf Tinjauan Pustaka, serta Pembuatan Slide Presentasi Monev Internal 2",,18 Juli 2026,18:00-20:00,120,Ruang Kerja Pribadi Anggota Tim,,ADAM,"Mengevaluasi model XGBoost final pada data training yang belum pernah dipelajari oleh model, baik saat training maupun saat penentuan threshold. Threshold yang dipakai adalah F1 terbaik (0,705), yaitu titik di mana presisi dan recall paling seimbang. Hasilnya bisa dilihat dari gambar hasil evaluasi bahwa recall 0,493 berarti lebih dari separuh penderita stroke tidak terdeteksi (38/75). Untuk alat deteksi penyakit stroke, ini yang menjadi persoalan karena seseorang yang berisiko stroke justru tidak menerima peringatan apa pun, padahal keterlambatan penanganan stroke berakibat disabilitas permanen atau kematian. Maka dari itu, dibutuhkan metode lain agar tingkat recall nya tinggi.","Pada sisi machine learning dan software, Adam melakukan evaluasi model XGBoost final pada data uji yang belum pernah dipelajari model, baik saat proses training maupun saat penentuan threshold. Evaluasi dilakukan menggunakan threshold F1 terbaik sebesar 0,705 yang telah ditetapkan sebelumnya. Hasil evaluasi menunjukkan nilai recall sebesar 0,493, dengan 38 dari 75 kasus stroke berhasil terdeteksi. Hasil tersebut menunjukkan adanya keterbatasan sensitivitas model sehingga diperlukan eksplorasi metode lanjutan untuk meningkatkan nilai recall. Hal ini menjadi perhatian penting karena sistem ANTARAGA ditujukan untuk membantu mendeteksi risiko stroke, sehingga kasus berisiko yang tidak terdeteksi perlu diminimalkan. Selain itu, Adam melakukan integrasi firmware sensor MAX30102 dan SEN0203 ke API endpoint. Integrasi dilakukan melalui konektivitas end-to-end antara perangkat hardware, backend, dan aplikasi mobile, serta berhasil mengirimkan data tanpa mengalami data loss. 

Pada sisi hardware, Kadek membantu melakukan pembelian komponen elektronika tambahan di iSee Kertajaya, meliputi resistor 0805 dengan nilai 1M, 100K, 10K, dan 6KΩ, kapasitor AVX Tipe A 10uF 16V, kapasitor SMD 10nF 35V, serta LED 3mm diffused. Komponen tersebut digunakan sebagai kelengkapan sebelum proses fabrikasi PCB secara menyeluruh. Ally kemudian melakukan fabrikasi PCB yang meliputi pencetakan desain, proses etching, pelapisan masking, pengeboran lubang, hingga penyolderan komponen elektronika pada PCB. 

Setelah itu, Ally melakukan pengiriman filamen PETG ke lokasi jasa 3D printer sebagai persiapan proses pencetakan casing perangkat pada tahap berikutnya. Pada sisi penyusunan laporan, Tiwi melanjutkan penulisan draf laporan kemajuan pada bagian tinjauan pustaka. Tiwi juga berkolaborasi dengan Zeven dalam menyusun poin-poin materi dan desain slide presentasi PPT Monev Internal 2, khususnya pada bagian latar belakang dan gagasan program ANTARAGA. Zeven bertanggung jawab dalam penyusunan PPT Monev Internal 2 serta dokumentasi proses fabrikasi PCB. Kadek selaku Ketua Tim melakukan controlling terhadap keseluruhan pelaksanaan kegiatan dan memberikan masukan secara remote kepada Tiwi dan Zeven dalam penyusunan slide presentasi, terutama terkait penyampaian bagian latar belakang dan gagasan program agar dapat dipahami dengan lebih jelas oleh audiens.","Terevaluasinya kemampuan generalisasi model XGBoost final pada unseen data dengan identifikasi catatan kritis berupa nilai recall sebesar 0,493, terfabrikasi dan tersoldernya komponen pada modul PCB prototype, terkirimnya filamen PETG ke lokasi jasa 3D printer sebagai persiapan pencetakan casing, terujinya integrasi data firmware sensor ke API backend secara end-to-end tanpa data loss, tersusunnya draf bab tinjauan pustaka laporan kemajuan, serta terselesaikannya draf slide presentasi PPT untuk persiapan Monev Internal 2 dengan pengawasan dan masukan langsung dari Ketua Tim. Kegiatan ini merupakan bagian dari tahap Evaluasi dan Validasi Model AI, Fabrikasi Perangkat Sistem Hardware, Integrasi Perangkat Lunak, serta Persiapan Monitoring dan Evaluasi pada PKM ANTARAGA. Persentase capaian rangkaian PKM: 1%.",1%,https://drive.google.com/drive/folders/1Ki4KkdItGntco6Omzop4vgMBfbOoBxdf?usp=sharing,TRUE,File Pendukung_Kadek Savita Dyutianaya_PKM-KC_PENS 19 Juli 2026,,
,,,,,,,,ALLY,"melakukan fabrikasi PCB, mencakup cetak desain, etching, pemberian lapisan masking, pengeboran lubang. setelah itu melakukan penyolderan komponen ke PCB. selain itu, dilakukan pengiriman filament PETG ke lokasi jasa 3Dprinter",,,,,,,,
,,,,,,,,ZEVEN,mendokumentasi proses pembuatan pcb,,,,,,,,
,,,,,,,,TIWI,"Tiwi melanjutkan penulisan draf laporan kemajuan bagian tinjauan pustaka, serta membantu Zeven menyusun poin-poin materi untuk slide presentasi (PPT) Monev Internal 2, khususnya bagian latar belakang dan gagasan program ANTARAGA.",,,,,,,,
,,,,,,,,ZEVEN,buat ppt monev 2,,,,,,,,
,"Optimasi Threshold Klasifikasi & Peningkatan Recall Model, Inspeksi PCB, Bimbingan Dosen, Revisi Laporan Kemajuan",,21 Juli 2026,11:00-14:00,180,kampus,,,bimbingan dengan dosen pembina untuk monev 2,"Ally berfokus melaksanakan inspeksi dan troubleshooting mendalam pada PCB yang telah difabrikasi, meliputi pengujian kontinuitas/konektivitas jalur kelistrikan, perbaikan jalur yang mengalami kendala, serta pembersihan menyeluruh sisa kotoran solder dan flux. Pada sisi machine learning, Adam berfokus menaikkan recall model deteksi risiko stroke melalui evaluasi ambang batas keputusan (threshold). Percobaan pertama yang paling sederhana yakni menurunkan ambang sampai seluruh penderita berhasil terprediksi, namun percobaan ini gagal, sehingga dilanjutkan dengan menghitung berapa salah positif yang harus terjadi untuk setiap penderita yang berhasil terprediksi, lalu menetapkan aturan pemilihan threshold terbaik dengan tingkat recall terbaik yang dapat dipertanggungjawabkan. Melalui kalkulasi trade-off penambahan false positive terhadap keberhasilan deteksi, ditetapkan threshold optimal sebesar 0,042 yang secara signifikan meningkatkan deteksi kasus stroke dari 37 menjadi 73 dari total 75 penderita (mencapai recall 0,973). Sementara itu, seluruh anggota tim ANTARAGA mengikuti sesi bimbingan bersama dosen pembina untuk persiapan Monev Internal 2 guna mendapatkan arahan mendalam terkait struktur serta materi presentasi. Hasil masukan tersebut langsung ditindaklanjuti oleh Tiwi dengan merevisi dan menyelaraskan bab pendahuluan serta tinjauan pustaka pada draf laporan kemajuan ANTARAGA. Kadek selaku Ketua Tim turut hadir dan berpartisipasi aktif dalam keseluruhan rangkaian kegiatan hari itu, baik dalam sesi bimbingan dosen pembina maupun dalam mendampingi progres masing-masing divisi. Zeven turut serta dalam sesi bimbingan dosen pembina serta mendukung kelancaran kegiatan tim pada hari tersebut.","Terpilihnya threshold keputusan model XGBoost sebesar 0,042 berdasarkan analisis trade-off false positive dan keberhasilan deteksi kasus stroke, dengan peningkatan recall menjadi 0,973 atau 73 dari 75 kasus stroke terdeteksi, tervalidasinya konektivitas jalur dan kondisi kebersihan modul PCB melalui proses inspeksi dan troubleshooting, terlaksananya bimbingan persiapan Monev Internal 2 bersama dosen pembina dengan partisipasi seluruh anggota tim, serta terealisasinya revisi bagian pendahuluan dan tinjauan pustaka pada draf laporan kemajuan ANTARAGA. Kegiatan ini merupakan bagian dari tahap Optimasi Model AI, Pengujian dan Perbaikan Hardware, Persiapan Monev Internal 2, serta Penyusunan Laporan Kemajuan pada flowchart metode PKM ANTARAGA. Persentase capaian rangkaian PKM: 1%.",1%,https://drive.google.com/drive/folders/1Yv7klmDkhotlfGNtVO3aN-MWiAhUSWvL?usp=sharing,TRUE,File Pendukung_Kadek Savita Dyutianaya_PKM-KC_PENS 21 Juli 2026,,
,,,,,,,,ALLY,"melakukan inspeksi dan troubleshooting pada PCB yang sudah dicetak, meliputi cek konektivitas jalur, perbaikan jalur, dan pembersihan PCB dari kotoran solder",,,,,,,,
,,,,,,,,ADAM,"Mencari cara menaikkan recall model. Percobaan pertama paling sederhana yakni menurunkan ambang sampai seluruh penderita berhasil terprediksi. Percobaan ini gagal, sehingga dilanjutkan dengan menghitung berapa salah positif yang harus terjadi untuk setiap penderita yang berhasil terprediksi, lalu menetapkan aturan pemilihan threshold terbaik dengan tingkat recall terbaik yang dapat dipertanggungjawabkan. Dari sini didapat threshold terbaik yakni 0,042 dengan penderita terdeteksi naik dari 37 menjadi 73 dari 75 penderita stroke (recall 0,973)",,,,,,,,
,,,,,,,,TIWI,"Tiwi mengikuti sesi bimbingan bersama dosen pembina untuk persiapan Monev Internal 2, mencatat masukan terkait struktur dan isi materi presentasi. Setelah sesi bimbingan, Tiwi menindaklanjuti masukan tersebut dengan merevisi bagian pendahuluan dan tinjauan pustaka pada draf laporan kemajuan agar lebih selaras dengan arahan dosen.",,,,,,,,
,,,,,,,,,,,,,,,,,
,"Desain 3D Casing Perangkat Menggunakan Fusion360, Implementasi dan Perbaikan Label Risiko Threshold pada Aplikasi Mobile, Bimbingan Offline Dosen Pembina, serta Pemantapan Materi Presentasi Monev Internal 2 dan Draf Laporan Kemajuan",,22 Juli 2026,13:00-15:00,120,Kampus PENS,,ALLY,melakukan desain 3D casing alat ANTARAGA dengan software Fusion360. lalu mencetak casing berbahan PETG dengan 3d printer ,"Pada sisi machine learning dan software, Adam menerapkan threshold yang telah ditetapkan pada tahap sebelumnya, yaitu 0,042, pada data uji untuk melakukan evaluasi akhir model. Hasil pengujian menunjukkan peningkatan kemampuan model dalam mendeteksi risiko stroke, dengan hasil evaluasi akhir disajikan melalui grafik dan metrik pengujian. Selain itu, Adam menyelesaikan penyesuaian dan perbaikan bug pada pemetaan label risiko stroke yang sebelumnya mengalami kendala pada tampilan aplikasi mobile. Di sisi hardware dan mekanik, Ally melakukan perancangan desain 3D casing perangkat smartband ANTARAGA menggunakan Autodesk Fusion 360, lalu mencoba mencetak casing berbahan PETG menggunakan 3D printer. Namun, hasil percobaan cetak pertama ini mengalami kegagalan, sehingga diperlukan revisi desain sebelum dilakukan percobaan pencetakan ulang pada tahap berikutnya. Pada sisi manajerial dan penulisan, berdasarkan masukan dari sesi bimbingan bersama dosen pembina pada hari sebelumnya, Tiwi melanjutkan revisi draf laporan kemajuan serta berkolaborasi dengan Zeven dalam menyusun dan mematangkan poin narasi slide presentasi Monev Internal 2, khususnya terkait progres teknis hardware dan software yang telah dicapai tim. Kadek selaku Ketua Tim melakukan monitoring dan controlling terhadap progres pengerjaan Ally, Adam, dan Tiwi, memastikan seluruh pengerjaan berjalan sesuai target menjelang Monev Internal 2, sekaligus menentukan outline slide presentasi PPT sebagai acuan bagi Tiwi dan Zeven dalam menyusun materi.","Terealisasinya desain 3D casing perangkat ANTARAGA menggunakan Autodesk Fusion 360 beserta percobaan pencetakan pertama yang mengindikasikan perlunya revisi desain, terimplementasinya threshold 0,042 pada evaluasi akhir model menggunakan data uji serta diperbaikinya bug pemetaan label risiko stroke pada aplikasi mobile, terealisasinya revisi draf laporan kemajuan dan penyusunan materi presentasi Monev Internal 2 berdasarkan masukan bimbingan sebelumnya, serta terpantaunya progres seluruh divisi teknis dan tersusunnya outline PPT oleh Ketua Tim sebagai acuan penyusunan materi presentasi. Kegiatan ini merupakan bagian dari tahap Perancangan Mekanik/Casing Hardware, Integrasi Sistem Software-AI, dan Persiapan Monitoring dan Evaluasi pada flowchart metode PKM ANTARAGA. Persentase capaian rangkaian PKM: 1%.",1%,https://drive.google.com/drive/folders/1fOeXnBTIqEgSkq_IjsmPoICa-GWPsrjP?usp=sharing,TRUE,File Pendukung_Kadek Savita Dyutianaya_PKM-KC_PENS 22 Juli 2026,,
,,,,,,,,ADAM,"Menerapkan threshold optimal sebesar 0,042 yang telah ditetapkan pada tahap progress sebelumnya untuk melakukan evaluasi akhir model menggunakan data uji. Hasil pengujian menunjukkan performa model yang baik dalam mendeteksi risiko stroke, dengan hasil evaluasi akhir yang disajikan melalui grafik dan metrik pengujian.",,,,,,,,
,,,,,,,,TIWI,"Tiwi melanjutkan revisi draf laporan kemajuan berdasarkan masukan dari sesi bimbingan sebelumnya, sekaligus membantu menyusun poin-poin narasi untuk slide presentasi Monev Internal 2 bersama Zeven, khususnya terkait progres teknis hardware dan software yang telah dicapai tim.",,,,,,,,
,,,,,,,,,,,,,,,,,
,,,,,,,,,,,,,,,,,
,"Workshop Penulisan Laporan Kemajuan, Pemaparan Progres Monev Internal 2, Terbitnya Ethical Clearance",,23 Juli 2026,08:00 - 14:00,360,Kampus PENS,YA,KADEK,Kadek selaku Ketua Tim melakukan koordinasi dan monitoring terhadap kesiapan tim dalam mengikuti Workshop Laporan Kemajuan dan Monev Internal 2. Kadek juga mendampingi proses presentasi serta memberikan masukan terhadap materi yang disampaikan agar sesuai dengan progres dan kondisi aktual program ANTARAGA.,"Seluruh anggota tim ANTARAGA mengikuti agenda Workshop Laporan Kemajuan guna memahami ketentuan resmi serta sistematika pelaporan PKM-KC 2026, yang dilanjutkan dengan pelaksanaan presentasi pada sesi Monev Internal 2. Pada sesi tersebut, Tiwi memaparkan progres bagian latar belakang serta tinjauan pustaka sekaligus menghimpun masukan evaluasi dari dosen peninjau. Kadek selaku Ketua Tim melakukan koordinasi dan monitoring terhadap kesiapan seluruh anggota dalam mengikuti Workshop Laporan Kemajuan dan Monev Internal 2, serta mendampingi proses presentasi dan memberikan masukan terhadap materi yang disampaikan. Zeven membantu persiapan dan penyesuaian materi presentasi Monev Internal 2 berdasarkan progres terbaru program ANTARAGA serta mendokumentasikan pelaksanaan kegiatan.

Pada sisi machine learning dan backend, Adam melakukan validasi dan analisis terhadap model setelah proses training terakhir dengan menganalisis kontribusi masing-masing fitur terhadap hasil prediksi model. Analisis tersebut dilakukan untuk mengetahui fitur yang paling berpengaruh dalam menentukan risiko stroke serta arah pengaruhnya terhadap prediksi model. Hasil analisis digunakan untuk memeriksa kesesuaian pola yang dipelajari model dengan faktor risiko yang relevan secara medis, sehingga dapat diketahui apakah model mengambil keputusan berdasarkan fitur yang relevan atau terlalu bergantung pada pola korelasi tertentu yang mungkin muncul secara kebetulan pada dataset. Adam juga berhasil mengintegrasikan model ke lapisan API endpoint prediksi risiko stroke, sehingga sistem dapat menerima data pengguna, memproses pemetaan 9 fitur masukan, dan mengembalikan estimasi probabilitas serta klasifikasi tingkat risiko berdasarkan threshold 0,705.

Pada sisi hardware dan perakitan, Ally melaksanakan integrasi perangkat keras secara menyeluruh ke dalam casing hasil cetak 3D, meliputi penyambungan kabel konektor, pemasangan tombol, port charger, baterai, modul sensor, dan PCB. Dalam proses integrasi ini, ditemukan sedikit ketidaksesuaian dimensi antara komponen asli dengan estimasi desain sebelumnya, sehingga casing tidak dapat menutup dengan rapat. Untuk mengatasi hal ini, dilakukan penyesuaian desain 3D casing agar sesuai dengan dimensi komponen asli, kemudian dilanjutkan dengan mencetak ulang casing berbahan PETG menggunakan 3D printer. Selain itu, Ally melakukan pengujian pengisian daya pada perangkat ANTARAGA dan menemukan kendala berupa drop tegangan baterai. Hasil troubleshooting menunjukkan bahwa kendala tersebut disebabkan oleh peningkatan resistansi pada jalur GND komponen IC TP5000 akibat adanya retakan mikroskopis. Perbaikan kemudian dilakukan hingga kendala tersebut berhasil diatasi. Seluruh proses integrasi hardware dan penanganan kendala charging didokumentasikan oleh Zeven sebagai bahan dokumentasi visual dan lampiran laporan kemajuan.","Terealisasinya integrasi seluruh modul hardware ke dalam casing 3D smartband ANTARAGA, teridentifikasinya ketidaksesuaian dimensi casing dengan komponen asli sehingga dilakukan penyesuaian desain dan pencetakan ulang, teratasinya kendala drop tegangan pada proses pengisian daya akibat peningkatan resistansi jalur GND pada IC TP5000, tersusunnya artefak model final beserta metadata preprocessing, urutan fitur, mapping kategori, jenis pengodean, dan threshold untuk kebutuhan inferensi pada server, tervalidasinya kebutuhan penggunaan metadata melalui pengujian perubahan struktur input, terselesaikannya revisi bagian tinjauan pustaka dan metode penelitian pada draf laporan kemajuan, serta tersusunnya dokumentasi visual dan arsip kegiatan sebagai bahan pendukung laporan. Kegiatan ini merupakan bagian dari tahap Integrasi dan Perakitan Hardware, Troubleshooting Pengembangan Hardware, Finalisasi Artefak Model AI, Validasi Sistem Software-Backend, serta Penyempurnaan Laporan Kemajuan pada flowchart metode PKM ANTARAGA. Persentase capaian rangkaian PKM: 1%.",1%,https://drive.google.com/drive/folders/1ciaYeQIT30oAFsc5Zati4eCURx6k2Zt-?usp=sharing,TRUE,File Pendukung_Kadek Savita Dyutianaya_PKM-KC_PENS 23 Juli 2026,,
,,,,,,,,ALLY,"terjadi sedikit ketidaksesuaian dimensi komponen asli dengan estimasi desain (casing tidak menutup rapat), sehingga dilakukan penyesuaian desain 3D casing supaya sesuai dengan dimensi komponen asli. lalu mencetak lagi casing berbahan PETG dengan 3d printer",,,,,,,,
,,,,,,,,ADAM,"Melakukan validasi dan analisis terhadap model setelah proses training terakhir dengan menganalisis kontribusi masing-masing fitur terhadap hasil prediksi model. Analisis ini dilakukan untuk mengetahui fitur apa yang paling berpengaruh dalam menentukan risiko stroke serta arah pengaruhnya terhadap prediksi model. Hasil analisis kemudian digunakan untuk memeriksa apakah pola yang dipelajari model sesuai dengan faktor risiko yang relevan secara medis. Dengan demikian, dapat diketahui apakah model mengambil keputusan berdasarkan fitur yang relevan atau justru terlalu bergantung pada pola dan korelasi tertentu yang muncul secara kebetulan pada dataset.",,,,,,,,
,,,,,,,,TIWI,"Tiwi mengikuti Workshop Laporan Kemajuan yang membahas format serta ketentuan resmi penulisan laporan kemajuan PKM-KC 2026, sehingga memperoleh pemahaman lebih jelas mengenai sistematika dan poin-poin yang wajib dicantumkan. Selain itu, Tiwi turut mendampingi tim dalam pelaksanaan Monev Internal 2, memaparkan bagian latar belakang dan tinjauan pustaka program ANTARAGA kepada dosen pembina dan pendamping, serta mencatat masukan yang diberikan sebagai bahan revisi laporan kemajuan selanjutnya.",,,,,,,,
,,,,,,,,ZEVEN,Zeven mendukung dokumentasi pelaksanaan Workshop Laporan Kemajuan dan Monev Internal 2 serta membantu menyiapkan dan menyesuaikan materi presentasi berdasarkan progres terbaru program ANTARAGA.,,,,,,,,
TOTAL DURASI,,,,,900,,,,,,,5%,,,,,
,"Integrasi Komponen Hardware ke Casing 3D & Perbaikan Modul Charging TP5000, Uji Ketahanan (Robustness) & Error Handling API Prediksi AI, serta Revisi Draf Laporan Kemajuan Pasca-Monev Internal 2",10,25 Juli 2026,14:00 -18:00,240,Kampus PENS,,TIWI,"Tiwi menindaklanjuti masukan dari Monev Internal 2 dengan merevisi dan menyempurnakan bagian tinjauan pustaka dan metode penelitian pada draf laporan kemajuan ANTARAGA. Selain itu, Tiwi berkoordinasi dengan Zeven terkait kebutuhan dokumentasi visual proses integrasi hardware ANTARAGA yang sedang dikerjakan Ally, sebagai bahan lampiran laporan kemajuan.","Pada sisi hardware dan perakitan, Ally melaksanakan integrasi perangkat keras secara menyeluruh ke dalam casing hasil cetak 3D, meliputi penyambungan kabel konektor, pemasangan tombol, port charger, baterai, modul sensor, dan PCB. Setelah proses integrasi, Ally melakukan pengujian pengisian daya pada perangkat ANTARAGA dan menemukan kendala berupa drop tegangan baterai. Hasil troubleshooting menunjukkan bahwa kendala tersebut disebabkan oleh peningkatan resistansi pada jalur GND komponen IC TP5000 akibat adanya retakan mikroskopis. Perbaikan kemudian dilakukan hingga kendala tersebut berhasil diatasi. Seluruh proses integrasi hardware dan penanganan kendala charging didokumentasikan oleh Zeven sebagai bahan dokumentasi visual dan lampiran laporan kemajuan.

Pada sisi machine learning dan backend, Adam membangun artefak model final yang akan digunakan pada server dengan menyertakan konfigurasi preprocessing, urutan fitur, mapping kategori, jenis pengodean, dan ambang keputusan. Penyimpanan metadata tersebut dilakukan untuk memastikan proses inferensi menggunakan konfigurasi yang konsisten dengan tahap training. Adam juga melakukan pengujian dengan sengaja menukar posisi dua fitur input untuk memvalidasi bahwa perubahan struktur input dapat terdeteksi. Hasil pengujian menunjukkan bahwa pertukaran posisi fitur dapat mengubah probabilitas prediksi tanpa menghasilkan error, sehingga diperlukan penyimpanan metadata preprocessing bersama artefak model untuk mencegah penggunaan konfigurasi input yang tidak sesuai saat proses inferensi.

Pada sisi administrasi dan penyusunan laporan, Tiwi menindaklanjuti masukan dari Monev Internal 2 dengan merevisi dan menyempurnakan bagian tinjauan pustaka dan metode penelitian pada draf laporan kemajuan ANTARAGA. Tiwi juga berkoordinasi dengan Zeven dalam menyiapkan dokumentasi visual proses integrasi hardware sebagai bahan lampiran laporan kemajuan. Kadek selaku Ketua Tim memeriksa kelengkapan format draf laporan kemajuan setelah proses revisi serta mengarsipkan dokumentasi kegiatan tim untuk memastikan berkas pendukung tersusun dengan baik.","Terealisasinya integrasi seluruh modul hardware ke dalam casing 3D smartband ANTARAGA, teratasinya kendala drop tegangan pada proses pengisian daya akibat peningkatan resistansi jalur GND pada IC TP5000, tersusunnya artefak model final beserta metadata preprocessing, urutan fitur, mapping kategori, jenis pengodean, dan threshold untuk kebutuhan inferensi pada server, tervalidasinya kebutuhan penggunaan metadata preprocessing melalui pengujian perubahan struktur input, terselesaikannya revisi bagian tinjauan pustaka dan metode penelitian pada draf laporan kemajuan, serta tersusunnya dokumentasi visual dan arsip kegiatan sebagai bahan pendukung laporan. Kegiatan ini merupakan bagian dari tahap Integrasi dan Perakitan Hardware, Troubleshooting dan Pengujian Hardware, Finalisasi Artefak Model AI, Validasi Sistem Software-Backend, serta Penyempurnaan Laporan Kemajuan pada flowchart metode PKM ANTARAGA. Persentase capaian rangkaian PKM: 1%.",1%,https://drive.google.com/drive/folders/1PeFaWwLdkQs70qolacqS_33u9mWplTCi?usp=sharing,TRUE,File Pendukung_Kadek Savita Dyutianaya_PKM-KC_PENS 25 Juli 2026,,
,,,,,,,,ZEVEN,Mendokumentasikan seluruh tahapan integrasi komponen hardware ke dalam casing 3D serta proses penanganan kendala modul charging untuk kebutuhan lampiran visual laporan kemajuan.,,,,,,,,
,,,,,,,,KADEK,Memeriksa kelengkapan format draf laporan kemajuan pasca-revisi Monev Internal 2 serta mengarsipkan dokumentasi kegiatan tim.,,,,,,,,
,,,,,,,,ALLY,"melakukan integrasi hardware, meliputi penyambungan kabel konektor, pemasangan tombol, port charger, baterai, sensor, dan PCB ke dalam casing. melakukan pengukuran berat alat dengan dan tanpa strap, didapat hasil 59g dengan strap dan 44g tanpa strap. melakukan pengukuran dimensi alat, didapat hasil panjang ... lebar ... tinggi .... juga melakukan uji charging dari alat ANTARAGA, terdapat kendala drop tegangan pada baterai dikarenakan naiknya resistansi jalur gnd di komponen TP5000 akibat retakan mikroskopis (sudah diperbaiki)",,,,,,,,
,,,,,,,,ADAM,"Membangun artefak model final untuk digunakan pada server dengan menyertakan konfigurasi preprocessing, urutan fitur, dan mapping kategori agar proses inferensi konsisten dengan tahap training. Dilakukan pengujian dengan sengaja menukar posisi dua fitur untuk memastikan perubahan struktur input dapat terdeteksi dan mencegah prediksi yang salah tanpa error. Hasilnya, artefak model berhasil memuat model beserta urutan fitur, daftar nilai kategori, jenis pengodean, dan ambang keputusan. Pengujian menunjukkan bahwa pertukaran dua fitur dapat mengubah probabilitas prediksi tanpa menghasilkan error, sehingga metadata preprocessing perlu disimpan bersama model untuk memastikan proses inferensi menggunakan konfigurasi yang sama dengan saat pelatihan.",,,,,,,,
,Testing Komunikasi ANTARAGA melalui cloud,,27 Juli 2026,14:00 - 17:00,180,Ruang Kerja Pribadi Anggota Tim,,ADAM,"Mengintegrasikan model ke lapisan API sebagai endpoint prediksi risiko stroke, sehingga aplikasi mobile dapat memanggilnya. Endpoint menerima data profil pengguna, memetakannya ke masing-masing fitur model sesuai urutan parameter yang tersimpan di artefak, lalu mengembalikan probabilitas beserta tingkat prediksi risiko. Serta menyiapkan deployment dan hosting aplikasi menggunakan Docker. Hasilnya, tersedia Dockerfile dan docker-compose beserta konfigurasi named volume agar artefak model dan basis data tetap bertahan saat pembaruan dan siap dihosting ke cloud VPS.","Pada sisi software dan deployment, Adam mengintegrasikan model ke lapisan API sebagai endpoint prediksi risiko stroke yang dapat dipanggil oleh aplikasi mobile. Endpoint menerima data profil pengguna, memetakan data tersebut ke masing-masing fitur model sesuai urutan parameter yang tersimpan pada artefak, kemudian mengembalikan probabilitas serta tingkat prediksi risiko. Adam juga menyiapkan deployment dan hosting aplikasi menggunakan Docker dengan menyediakan Dockerfile dan docker-compose beserta konfigurasi named volume agar artefak model dan basis data tetap bertahan saat pembaruan sistem. Konfigurasi tersebut disiapkan agar aplikasi dapat di-deploy dan di-hosting ke cloud VPS. Pada sisi firmware dan hardware, Ally membangun firmware utama perangkat ANTARAGA yang mencakup program pembacaan sensor SON1303 dan MAX30102, pembacaan kapasitas baterai, kalkulasi Signal Quality Index (SQI), serta inisiasi Wi-Fi dan konektivitas cloud melalui streaming data. Pengembangan firmware ini menjadi bagian dari implementasi sistem akuisisi dan transmisi data perangkat ANTARAGA. Pada sisi penulisan dan dokumentasi, Tiwi melanjutkan penyusunan draf laporan kemajuan ANTARAGA pada bagian implementasi sistem dengan merangkum progres pengembangan backend dan firmware ke dalam narasi yang runtut sesuai format pelaporan PKM-KC 2026. Zeven mendokumentasikan proses pengujian komunikasi streaming data firmware ke cloud serta menyiapkan aset visual pendukung untuk laporan kemajuan. Kadek membantu pengarsipan dokumen teknis sistem, memeriksa kelengkapan draf laporan pada bagian implementasi, serta memastikan format pelaporan tetap sesuai dengan ketentuan PKM-KC 2026","Tersedianya endpoint API prediksi risiko stroke yang terintegrasi dengan model AI dan dapat menerima data profil pengguna serta mengembalikan probabilitas dan tingkat risiko, tersedianya konfigurasi Docker berupa Dockerfile dan docker-compose dengan named volume yang siap digunakan untuk deployment ke cloud VPS, terealisasinya firmware utama perangkat ANTARAGA yang mencakup pembacaan sensor SON1303 dan MAX30102, pembacaan kapasitas baterai, kalkulasi SQI, serta konektivitas Wi-Fi dan streaming data ke cloud, tersusunnya draf bagian implementasi sistem pada laporan kemajuan sesuai format PKM-KC 2026, serta tersedianya dokumentasi visual pengujian komunikasi data dan pengarsipan dokumen teknis sistem. Kegiatan ini merupakan bagian dari tahap Pengembangan Firmware Hardware, Integrasi API dan Software, Software Deployment dan Packaging, serta Penyusunan Laporan Kemajuan pada flowchart metode PKM ANTARAGA. Persentase capaian rangkaian PKM: 1%.",1%,27 Juli 2026,TRUE,File Pendukung_Kadek Savita Dyutianaya_PKM-KC_PENS 27 Juli 2026,,
,,,,,,,,ALLY,"membuat firmware utama, mencakup program sensor SON1303, program sensor MAX30102, program pembacaan kapasitas baterai, program kalkulasi SQI, program inisiasi WiFi dan konektivitas cloud via streaming",,,,,,,,
,,,,,,,,KADEK,"Membantu pengarsipan dokumen teknis sistem, memeriksa kelengkapan draf laporan kemajuan bagian implementasi, serta memastikan kesesuaian format pelaporan PKM-KC 2026.",,,,,,,,
,,,,,,,,TIWI,"Tiwi melanjutkan penyusunan draf laporan kemajuan ANTARAGA bagian implementasi sistem, merangkum progres pengembangan backend (dockerisasi aplikasi oleh Adam) dan firmware utama perangkat (oleh Ally) ke dalam narasi yang runtut, sesuai format yang telah dipelajari pada Workshop Laporan Kemajuan sebelumnya.",,,,,,,,
,,,,,,,,ZEVEN,Mendokumentasikan proses pengujian komunikasi streaming data firmware ke cloud dan menyiapkan aset visual pendukung untuk laporan kemajuan ANTARAGA.,,,,,,,,
,Kalibrasi Model AI & Penyesuaian Threshold Data Real-Time,,29 Juli 2026,13:00-16:00,180,Ruang Kerja Pribadi Anggota Tim,YA,ADAM,"Menghosting backend ke cloud VPS, membeli domain, serta melakukan konfigurasi Cloudflare. Menyiapkan aplikasi dengan Docker dan reverse proxy Nginx agar backend dapat diakses publik melalui domain www.antaraga.web.id","Pada sisi software dan deployment, Adam melakukan hosting backend ANTARAGA ke cloud VPS, membeli domain, serta melakukan konfigurasi Cloudflare agar backend dapat diakses secara publik melalui domain www.antaraga.web.id. Adam juga menyiapkan aplikasi menggunakan Docker dan reverse proxy Nginx untuk mendukung proses deployment serta mengatur akses publik menuju layanan backend. Pada sisi firmware dan hardware, Ally melakukan upload firmware utama ke perangkat ANTARAGA serta menguji komunikasi dan pengiriman data menuju server/cloud. Dalam pengujian ditemukan kendala pada sensor MAX30102 yang tidak dapat membaca nilai IR akibat kerusakan LED IR, sehingga dilakukan penggantian sensor MAX30102. Setelah firmware terpasang dan proses pengiriman data berjalan, dilakukan pengukuran beban kerja mikrokontroler saat seluruh proses berjalan secara bersamaan. Hasil evaluasi menunjukkan bahwa penapisan bandpass dan perhitungan FFT untuk tiga kanal sensor menyebabkan mikrokontroler bekerja pada beban penuh secara terus-menerus, sedangkan penggunaan buffer float mengonsumsi SRAM. Karena Wi-Fi tetap harus aktif untuk pengiriman data ke server, disepakati pemindahan proses pengolahan sinyal ke server dengan Wi-Fi yang difokuskan pada pengiriman data sensor mentah. Pada sisi penulisan dan dokumentasi, Tiwi melanjutkan penyusunan draf laporan kemajuan bagian implementasi sistem, merangkum proses deployment backend serta kendala teknis pada sensor MAX30102 sebagai bagian dari evaluasi hardware. Zeven mendokumentasikan proses pemasangan firmware, pengujian komunikasi perangkat dengan server/cloud, penggantian sensor MAX30102, serta evaluasi beban kerja mikrokontroler sebagai bahan pembuatan video dokumentasi pengujian untuk pengiklanan 3. Kadek melakukan koordinasi dan monitoring terhadap progres deployment backend, pengujian firmware, serta penyelesaian kendala hardware. Kadek juga membantu memeriksa kelengkapan dokumentasi dan berkas pendukung kegiatan untuk kebutuhan laporan kemajuan.","Terealisasinya hosting backend pada cloud VPS dengan konfigurasi domain, Cloudflare, Docker, dan reverse proxy Nginx sehingga backend dapat diakses secara publik melalui www.antaraga.web.id, terpasangnya firmware utama pada perangkat dan terujinya komunikasi pengiriman data ke server/cloud, teratasinya kendala pembacaan nilai IR pada sensor MAX30102 melalui penggantian sensor, tervalidasinya beban kerja mikrokontroler melalui pengujian proses bandpass dan FFT pada tiga kanal sensor, serta ditetapkannya pemindahan proses pengolahan sinyal ke server dengan Wi-Fi yang difokuskan pada pengiriman data sensor mentah. Selain itu, terealisasinya penyusunan draf bagian implementasi sistem pada laporan kemajuan, tersedianya dokumentasi proses pemasangan dan pengujian perangkat, serta terlaksananya koordinasi dan pemeriksaan kelengkapan berkas pendukung kegiatan. Kegiatan ini merupakan bagian dari tahap Deployment Backend dan Infrastruktur Cloud, Pengembangan dan Pengujian Firmware Hardware, Evaluasi Beban Kerja Sistem, Optimasi Arsitektur Pemrosesan Data, serta Penyusunan Laporan Kemajuan pada PKM ANTARAGA. Persentase capaian rangkaian PKM: 1%.",1%,https://drive.google.com/drive/folders/1V1dJ4fFDoYa5Na-8F_7N_d3x9n4UJqEm?usp=sharing,TRUE,File Pendukung_Kadek Savita Dyutianaya_PKM-KC_PENS 29 Juli 2026,,
,,,,,,,,ALLY,"Melakukan upload firmware utama ke alat ANTARAGA serta menguji komunikasi dan pengiriman data ke server/cloud. Setelah firmware utama terpasang dan pengiriman data berjalan, dilakukan pengukuran beban kerja mikrokontroler saat seluruh proses berjalan bersamaan. Hasil evaluasi menunjukkan bahwa filter bandpass dan perhitungan FFT untuk tiga kanal sensor menyebabkan mikrokontroler bekerja pada beban penuh secara terus-menerus dan penggunaan buffer float mengonsumsi SRAM. Karena Wi-Fi juga harus tetap aktif untuk pengiriman data ke server, disepakati bersama Adam bahwa pengolahan sinyal dipindahkan ke server, sedangkan firmware difokuskan pada pengiriman data mentah.",,,,,,,NOTA VPSNYA DIREVISI!,
,,,,,,,,TIWI,"Tiwi melanjutkan penulisan draf laporan kemajuan bagian implementasi sistem, merangkum proses deployment backend serta kendala teknis pada sensor MAX30102 sebagai bagian dari evaluasi hardware.",,,,,,,,
,,,,,,,,ZEVEN,"Mendokumentasikan proses pemasangan firmware, pengujian komunikasi perangkat dengan server/cloud, penggantian sensor MAX30102, serta proses evaluasi beban kerja mikrokontroler sebagai bahan dokumentasi laporan kemajuan.",,,,,,,,
,,,,,,,,KADEK,"Melakukan koordinasi dan monitoring terhadap progres deployment backend, pengujian firmware, serta penyelesaian kendala hardware. Kadek juga membantu memeriksa kelengkapan dokumentasi dan berkas pendukung kegiatan untuk kebutuhan laporan kemajuan.",,,,,,,,
,"Mengoordinasikan persiapan pengujian smartband terhadap relawan, mencakup kesiapan perangkat, kelengkapan dokumen perizinan, dan penjadwalan sesi pengambilan data",,30 Juli 2026,13:00-16:00,180,Ruang Kerja Pribadi Anggota Tim,,ADAM,"Menguji ketahanan endpoint terhadap inputan tidak lengkap dan kategori di luar daftar training yang dilakukn, karena data dari aplikasi mobile tidak selalu lengkap. Selain itu membangun sistem pencatatan akses dan galat agar kendala di lapangan dapat ditelusuri tanpa harus masuk ke VPS (logging system). Menyiapkan sisi server untuk menerima data mentah tiga kanal dari perangkat,
mencakup endpoint penerimaan batch, penyangga sinyal berjalan, dan penyimpanan
sinyal mentah beserta nilai turunannya. Sinyal mentah sengaja ikut disimpan,
bukan hanya hasil olahannya, agar nilai turunan dapat dihitung ulang bila kelak
ditemukan kesalahan pada algoritma pengolahan.","Pada sisi machine learning dan backend, Adam melakukan pengujian ketahanan endpoint prediksi terhadap input yang tidak lengkap serta kategori yang berada di luar daftar data training, mengingat data yang dikirim dari aplikasi mobile tidak selalu lengkap. Adam juga membangun sistem pencatatan akses dan galat untuk memudahkan penelusuran kendala yang terjadi saat penggunaan tanpa harus mengakses VPS secara langsung. Selain itu, Adam menyiapkan sisi server untuk menerima data mentah dari tiga kanal sinyal PPG, yang mencakup endpoint penerimaan batch, penyangga sinyal berjalan, serta penyimpanan sinyal mentah beserta nilai turunannya. Sinyal mentah tetap disimpan agar nilai turunannya dapat dihitung ulang apabila ditemukan kesalahan pada algoritma pengolahan sinyal.

Pada sisi firmware dan hardware, Ally melakukan kalibrasi ulang pencuplikan data mentah dari tiga sinyal PPG, yaitu hijau, merah, dan inframerah. Ally juga melaksanakan pemindahan proses pengolahan sinyal dari perangkat ke server sesuai keputusan pada tahap sebelumnya. Firmware dipangkas dengan mengeluarkan proses penapisan bandpass, perhitungan FFT, dan penghitungan BPM dari perangkat, sehingga firmware difokuskan pada proses pencuplikan sensor, penyusunan batch data, dan pengiriman data ke server. Kalibrasi ulang dilakukan agar laju pencuplikan dan ukuran batch sesuai dengan kebutuhan pengolahan di sisi server. Perhitungan Signal Quality Index (SQI) tetap dipertahankan pada perangkat karena memiliki beban komputasi yang lebih ringan dan dapat digunakan untuk menandai rekaman dengan kualitas buruk sebelum data dikirim.

Pada sisi persiapan pengujian, Kadek mengoordinasikan persiapan pengujian smartband ANTARAGA terhadap relawan dengan memastikan kesiapan perangkat, kelengkapan dokumen perizinan, serta penjadwalan sesi pengambilan data. Zeven mendokumentasikan persiapan pengujian smartband terhadap relawan dan menyiapkan bahan konten yang menampilkan progres sistem yang telah berjalan. Pada sisi penulisan, Tiwi melanjutkan penyusunan draf laporan kemajuan ANTARAGA dengan menyesuaikan bagian metode dan hasil pengujian hardware berdasarkan progres kalibrasi ulang sampling tiga sinyal PPG yang dilakukan Ally. Tiwi juga merapikan kompilasi dokumentasi kegiatan dan capaian tim selama periode akhir Juli sebagai bahan evaluasi menjelang penyusunan laporan kemajuan.","Tervalidasinya ketahanan endpoint prediksi terhadap input tidak lengkap dan kategori di luar daftar training, tersedianya sistem logging akses dan galat untuk penelusuran kendala pada server, tersedianya endpoint penerimaan batch serta penyimpanan data mentah dan nilai turunan dari tiga kanal sinyal PPG, terealisasinya pemindahan proses pengolahan sinyal bandpass, FFT, dan BPM dari perangkat ke server, terlaksananya kalibrasi ulang laju pencuplikan dan ukuran batch tiga kanal sinyal PPG, serta tetap terimplementasinya perhitungan SQI pada perangkat untuk penandaan kualitas rekaman. Selain itu, terkoordinasinya persiapan pengujian smartband terhadap relawan beserta kesiapan perangkat, dokumen perizinan, dan jadwal pengambilan data, tersedianya dokumentasi persiapan pengujian dan progres sistem, serta tersusunnya pembaruan draf metode dan hasil pengujian hardware pada laporan kemajuan ANTARAGA. Kegiatan ini merupakan bagian dari tahap Pengujian Keandalan Software-Backend, Optimasi Arsitektur Pemrosesan Sinyal, Pengembangan Firmware Hardware, Persiapan Pengujian dengan Relawan, Dokumentasi Kegiatan, serta Penyusunan Laporan Kemajuan pada flowchart metode PKM ANTARAGA. Persentase capaian rangkaian PKM: 1%.",1%,https://drive.google.com/drive/folders/14H-PrEAWUroR4nPPtB1-aKp-zbpMLJDM?usp=sharing,TRUE,File Pendukung_Kadek Savita Dyutianaya_PKM-KC_PENS 30 Juli 2026,,
,,,,,,,,ALLY,"melakukan kalibrasi ulang sampling data mentah dari 3 sinyal PPG. Serta Melaksanakan pemindahan pengolahan sinyal ke server sesuai keputusan sebelumnya.
Firmware dipangkas dengan mengeluarkan hasil data bandpass, perhitungan FFT, dan
penghitungan BPM dari perangkat, sehingga tugasnya tinggal mencuplik sensor,
menyusun batch, dan mengirimkannya. Dilakukan kalibrasi ulang pencuplikan data
mentah dari tiga sinyal PPG agar laju cuplik dan ukuran batch sesuai dengan
kebutuhan pengolahan di sisi server. Perhitungan SQI tetap dipertahankan di
perangkat karena bebannya ringan dan berguna menandai rekaman bermutu buruk
sebelum dikirim, sehingga jaringan tidak terpakai untuk data yang tidak layak.",,,,,,,,
,,,,,,,,KADEK,"Mengoordinasikan persiapan pengujian smartband terhadap relawan, mencakup kesiapan perangkat, kelengkapan dokumen perizinan, dan penjadwalan sesi pengambilan data.",,,,,,,,
,,,,,,,,TIWI,"Tiwi melanjutkan penyusunan draf laporan kemajuan ANTARAGA, khususnya menyesuaikan bagian metode dan hasil pengujian hardware dengan progres kalibrasi ulang sampling data sinyal PPG (hijau, merah, dan inframerah) yang dilaporkan Ally, sekaligus merapikan kompilasi dokumentasi kegiatan dan capaian tim selama periode akhir Juli sebagai bahan evaluasi menjelang laporan kemajuan.",,,,,,,,
,,,,,,,,ZEVEN,"Mendokumentasikan persiapan pengujian smartband terhadap relawan, sekaligus menyiapkan bahan konten yang menampilkan progres sistem yang sudah berjalan.",,,,,,,,
,Bimbingan Hybrid Bersama Dosen Pendamping Mengenai Evaluasi Progres Pengembangan Sistem,,31 Juli 2026,14:30-16:30,120,Kampus PENS & Google Meet,,ADAM,Mengikuti bimbingan hybrid bersama dosen pendamping untuk memaparkan progres pengembangan backend dan model AI ANTARAGA serta mencatat masukan terkait pengembangan dan pengujian sistem selanjutnya.,"Tim ANTARAGA mengikuti bimbingan hybrid bersama dosen pendamping yang dilaksanakan di Kampus PENS dan melalui Google Meet. Kegiatan ini dilakukan untuk mengevaluasi perkembangan program serta memperoleh arahan terkait tahapan kegiatan selanjutnya. Adam menyampaikan progres pengembangan backend dan model AI, Ally menyampaikan perkembangan hardware dan firmware, sedangkan Tiwi membahas perkembangan penyusunan laporan kemajuan. Zeven membantu mendokumentasikan hasil bimbingan dan masukan yang diberikan selama kegiatan. Kadek selaku Ketua Tim mengoordinasikan jalannya bimbingan dan memastikan progres masing-masing anggota dapat disampaikan serta ditindaklanjuti sesuai arahan dosen pendamping.","Terlaksananya bimbingan hybrid bersama dosen pendamping dengan penyampaian progres pengembangan model AI, backend, hardware, firmware, dan penyusunan laporan kemajuan, terdokumentasikannya masukan serta arahan dosen pendamping sebagai dasar tindak lanjut kegiatan, serta terkoordinasinya evaluasi progres seluruh anggota tim. Kegiatan ini merupakan bagian dari tahap Monitoring dan Evaluasi Progres, Pengembangan Sistem, serta Penyusunan Laporan Kemajuan pada PKM ANTARAGA. Persentase capaian rangkaian PKM: 1%.",1%,https://drive.google.com/drive/folders/1vrW2mrEpIRpy-gBwmq0SgnSFfbuD8vpQ,TRUE,File Pendukung_Kadek Savita Dyutianaya_PKM-KC_PENS 31 Juli 2026,,
,,,,,,,,ALLY,Mengikuti bimbingan hybrid bersama dosen pendamping untuk menyampaikan progres pengembangan hardware dan firmware ANTARAGA serta mencatat masukan terkait pengujian perangkat.,,,,,,,,
,,,,,,,,KADEK,"Mengikuti dan mengoordinasikan bimbingan hybrid bersama dosen pendamping, memastikan setiap anggota menyampaikan progres masing-masing serta merangkum arahan dan tindak lanjut yang perlu dilakukan tim.",,,,,,,,
,,,,,,,,TIWI,Mengikuti bimbingan hybrid bersama dosen pendamping serta mencatat arahan terkait penyusunan laporan kemajuan dan tindak lanjut hasil evaluasi kegiatan.,,,,,,,,
,,,,,,,,ZEVEN,Mengikuti bimbingan hybrid bersama dosen pendamping dan membantu mendokumentasikan hasil kegiatan serta masukan yang diberikan untuk kebutuhan tindak lanjut tim.,,,,,,,,
TOTAL DURASI,,,,,900,,,,,,,5%,,,,,
,"Pemindahan Algoritma Sinyal ke Server, Dashboard Pemantauan Web, Pengujian & Kalibrasi BPM, Serta Weekly Meeting Progress Tim",11,2 Agustus 2026,18:00-21:00,180,Kopi Kenangan ,,ADAM,"Menyelesaikan pemindahan algoritma analisis sinyal dari firmware ESP32 ke server,
lalu membangun dashboard web pemantauan di atasnya. Seluruh rantai pengolahan
yakni penapisan bandpass Butterworth 0,5 sampai 5 Hz, autokorelasi FFT untuk
perhitungan BPM, dan penilaian periodisitas kini berjalan di server. Pemindahan
ini memberi empat keuntungan sekaligus. Pertama, mikrokontroler terbebas dari
komputasi berkelanjutan sehingga konsumsi dayanya menurun, sementara pengiriman
data tidak bertambah berarti karena radio WiFi memang sudah menyala terus untuk
mengirim ke server. Kedua, SRAM yang sebelumnya terpakai untuk penyangga
perhitungan menjadi bebas. Ketiga, algoritma dapat direvisi langsung di server
tanpa perlu memprogram ulang perangkat satu per satu, yang selama penelitian ini
terjadi berkali-kali. Keempat, bentuk gelombang dan BPM ketiga kanal dapat
dipantau langsung lewat web tanpa menyambungkan kabel mikrokontroler ke laptop.","Pada sisi machine learning dan software, Adam menyelesaikan pemindahan algoritma analisis sinyal dari firmware ESP32 ke server dan membangun dashboard web untuk pemantauan hasil pengolahan. Seluruh rangkaian pengolahan sinyal, meliputi penapisan bandpass Butterworth 0,5 sampai 5 Hz, autokorelasi FFT untuk perhitungan BPM, serta penilaian periodisitas, kini dijalankan pada server. Pemindahan tersebut mengurangi beban komputasi mikrokontroler, membebaskan penggunaan SRAM, memungkinkan pembaruan algoritma secara langsung di server tanpa pemrograman ulang perangkat, serta memungkinkan bentuk gelombang dan nilai BPM dari tiga kanal dipantau melalui dashboard web.

Pada sisi hardware, Ally melakukan pengujian pembacaan BPM dan analisis error BPM dengan membandingkan hasil perangkat ANTARAGA terhadap alat ukur oximeter dan tensimeter. Ally juga mengukur konsumsi daya perangkat setelah pemrosesan sinyal dipindahkan ke server dan membandingkannya dengan kondisi sebelum pemindahan. Pengukuran dilakukan saat perangkat mengirimkan data secara berkelanjutan untuk merepresentasikan kondisi penggunaan sebenarnya. Hasil pengukuran digunakan sebagai dasar untuk memperbarui estimasi lama penggunaan perangkat dalam satu kali pengisian daya.

Pada sisi manajerial dan dokumentasi, Kadek memimpin rapat mingguan untuk meninjau progres masing-masing anggota dan mengevaluasi capaian terhadap target. Tiwi mengikuti rapat mingguan, kemudian menyusun naskah konten media sosial serta merapikan catatan progres tim untuk bahan laporan kemajuan. Zeven mengikuti rapat mingguan dan mendokumentasikan progres sistem yang telah berjalan sebagai bahan konten berikutnya.","Terealisasinya pemindahan seluruh algoritma analisis sinyal dari firmware ke server yang mencakup bandpass Butterworth 0,5 sampai 5 Hz, autokorelasi FFT untuk perhitungan BPM, dan penilaian periodisitas, tersedianya dashboard web untuk pemantauan bentuk gelombang dan BPM tiga kanal, terlaksananya pengujian BPM dan analisis error menggunakan oximeter dan tensimeter, terukurnya konsumsi daya perangkat setelah pemindahan pengolahan sinyal ke server sebagai dasar pembaruan estimasi lama penggunaan baterai, serta terlaksananya rapat mingguan untuk evaluasi progres dan target tim. Selain itu, tersusunnya naskah konten media sosial, catatan progres tim, dan dokumentasi visual perkembangan sistem. Kegiatan ini merupakan bagian dari tahap Optimasi Arsitektur Pemrosesan Sinyal, Pengembangan Dashboard Monitoring, Validasi Pengukuran BPM, Evaluasi Konsumsi Daya, Monitoring dan Evaluasi Progres, serta Dokumentasi Kegiatan pada flowchart metode PKM ANTARAGA. Persentase capaian rangkaian PKM: 1%.",1%,https://drive.google.com/drive/folders/1wQFfujfRy92qY0tw745Bu_1Rl8RG64Am?usp=sharing,TRUE,File Pendukung_Kadek Savita Dyutianaya_PKM-KC_PENS 2 Agustus 2026,,
,,,,,,,,ALLY,"melakukan pengujian pembacaan BPM dan analisis error BPM dengan alat ukur oximeter dan tensimeter. Melakukan pengukuran konsumsi daya perangkat setelah pengolahan sinyal
dipindahkan ke server, lalu membandingkannya dengan pengukuran sebelum
pemindahan. Pengukuran dilakukan pada kondisi pengiriman data berkelanjutan agar
mewakili pemakaian sebenarnya. Hasil pembandingan dipakai memperbarui perkiraan
lama pakai perangkat dalam sekali pengisian daya.
CATATAN: angka hasil pengukuran perlu diisi sendiri sesuai data yang Anda punya.",,,,,,,,
,,,,,,,,KADEK,Memimpin rapat mingguan untuk meninjau progres tiap anggota dan mengevaluasi capaian terhadap target.,,,,,,,,
,,,,,,,,TIWI,Mengikuti rapat mingguan lalu menyusun naskah konten media sosial serta merapikan catatan progres tim untuk bahan laporan kemajuan.,,,,,,,,
,,,,,,,,ZEVEN,Mengikuti rapat mingguan lalu mendokumentasikan progres sistem yang sudah berjalan sebagai bahan konten berikutnya.,,,,,,,,
,,,2 Agustus 2026,,,Kopi Kenangan ,,ALL,Rapat mingguan untuk meninjau progres tiap anggota dan mengevaluasi capaian terhadap target yang ditetapkan.,,,,,,,,
,Pengujian Perdana Smartband ANTARAGA Terhadap Relawan dan Validasi Prosedur Pengambilan Data,,3 agustus 2026,18:00-20:00,120,Kopi Kenangan ,,ALL,"Pengujian pertama smartband ANTARAGA terhadap relawan, sekaligus uji coba prosedur pengambilan data yang sudah disusun.","Seluruh anggota tim ANTARAGA melaksanakan pengujian pertama smartband terhadap relawan untuk menguji coba prosedur pengambilan data yang telah disusun serta mengevaluasi performa sistem secara langsung. Pada pengujian ini, smartband berhasil melakukan pembacaan data multi-sensor (PPG) pada tubuh relawan secara real-time dan mengirimkan data mentah ke server via Wi-Fi tanpa kendala bottleneck. Hasil olahan server berupa bentuk gelombang sinyal dan estimasi BPM dapat dipantau langsung melalui dashboard web, yang membuktikan efektivitas pemindahan algoritma ke server. Selain itu, SOP pengambilan data dan tingkat kenyamanan ergonomis perangkat terbukti berjalan lancar. Pengujian ini menghasilkan sampel data PPG awal sebagai baseline untuk tuning algoritma, sekaligus mengidentifikasi evaluasi minor terkait efisiensi penempatan sensor untuk pengujian selanjutnya (masukkan data after ini)","Terlaksananya pengujian pertama smartband ANTARAGA pada relawan, tervalidasinya kelancaran pengiriman data multi-sensor ke server dan penampilannya di dashboard web, terujinya kesesuaian SOP serta kenyamanan penggunaan perangkat, dan diperolehnya sampel data PPG awal sebagai baseline kalibrasi algoritma sinyal. Kegiatan ini merupakan bagian dari tahap Pengujian Perangkat terhadap Relawan, Validasi Prosedur Pengambilan Data, dan Evaluasi Performa Sistem pada PKM ANTARAGA. Persentase capaian rangkaian PKM: 1%.",1%,https://drive.google.com/drive/folders/1Ip028EM2JdmyEAB0pAkubcext93cWIls?usp=sharing,TRUE,File Pendukung_Kadek Savita Dyutianaya_PKM-KC_PENS 3 Agustus 2026,,
,Bimbingan Bersama Dosen Pendamping dan Pencetakan Dokumen Informed Consent untuk Pengujian Subjek,,4 Agustus 2026,09:00 - 11:00,120,,,ALL,Bimbingan bersama dosen pendamping sekaligus pencetakan dokumen informed consent untuk kebutuhan pengujian terhadap subjek.,Seluruh anggota tim ANTARAGA mengikuti bimbingan bersama dosen pendamping sekaligus melaksanakan pencetakan dokumen informed consent untuk kebutuhan pengujian terhadap subjek. Kegiatan dilakukan untuk memastikan persiapan pelaksanaan pengambilan data telah sesuai dengan arahan dosen pendamping dan dokumen persetujuan telah tersedia sebelum digunakan pada proses pengujian.,Terlaksananya bimbingan bersama dosen pendamping serta tersedianya dokumen informed consent yang telah dicetak dan disiapkan untuk kebutuhan pengujian terhadap subjek. Kegiatan ini merupakan bagian dari tahap Bimbingan dan Persiapan Pengujian Subjek pada flowchart metode PKM ANTARAGA. Persentase capaian rangkaian PKM: 1%.,1%,https://drive.google.com/drive/folders/1_wfNiuq9ll6CAIc46ESpimETb-IS6iy_?usp=sharing,TRUE,File Pendukung_Kadek Savita Dyutianaya_PKM-KC_PENS 4 Agustus 2026,,
,"Pengembangan Antarmuka Kalibrasi Dashboard, Persiapan Hardware Smartband, Persiapan Dokumen Perizinan, dan Koordinasi Pengujian Relawan",,5 Agustus 2026,15:00 - 18:00,180,Ruang Kerja Pribadi Anggota Tim,,ADAM,"Membangun antarmuka kalibrasi di dashboard untuk perekaman sesi berpasangan antara sinyal PPG sensor dan nilai alat medis. Sebelumnya perekaman hanya dapat dilakukan lewat terminal, yang menyulitkan saat pengambilan data di lapangan bersama subjek lansia. Hal ini dilakukan untuk menyiapkan sarana pengumpulan data, nantinya perancangan model MLP-nya dilakukan setelah datanya terkumpul","Pada sisi software dan machine learning, Adam membangun antarmuka kalibrasi pada dashboard untuk melakukan perekaman sesi berpasangan antara sinyal PPG dari sensor ANTARAGA dan nilai pembanding dari alat medis. Sebelumnya, proses perekaman hanya dapat dilakukan melalui terminal sehingga kurang praktis untuk digunakan saat pengambilan data bersama subjek lansia. Antarmuka tersebut disiapkan untuk mempermudah proses pengumpulan data kalibrasi yang akan digunakan sebagai dasar pengembangan model MLP setelah data terkumpul.

Pada sisi hardware, Ally menyiapkan smartband agar siap digunakan untuk perekaman sesi kalibrasi dengan melakukan pemeriksaan sensor, pengisian daya, serta penyesuaian firmware agar proses pengiriman data tetap stabil selama sesi berlangsung. Kadek mengoordinasikan persiapan pengujian terhadap relawan dengan memastikan kesiapan perangkat, alat medis terstandar, kelengkapan dokumen, dan jadwal sesi. Tiwi menyiapkan dokumen yang diperlukan untuk pengujian terhadap subjek, termasuk pencetakan dan penggandaan berkas persetujuan. Zeven menyiapkan aset visual pendukung dokumen perizinan dan pengambilan data agar informasi yang diberikan kepada subjek lebih mudah dipahami.","Terealisasinya antarmuka kalibrasi pada dashboard untuk merekam sesi berpasangan antara sinyal PPG perangkat ANTARAGA dan nilai pembanding dari alat medis, tersiapkannya smartband beserta sensor, daya, dan firmware untuk perekaman data kalibrasi, terkoordinasinya kesiapan perangkat, alat medis, dokumen, dan jadwal pengujian relawan, tersedianya dokumen persetujuan untuk kebutuhan pengujian, serta tersedianya aset visual pendukung proses perizinan dan pengambilan data. Kegiatan ini merupakan bagian dari tahap Pengembangan Sistem Kalibrasi, Persiapan Hardware dan Firmware, Persiapan Pengujian Relawan, serta Persiapan Data untuk Pengembangan Model MLP pada flowchart metode PKM ANTARAGA. Persentase capaian rangkaian PKM: 1%.",1%,https://drive.google.com/drive/folders/1Of2BEbQGKisivVaSjf0Yz90tmJLSKS-6?usp=sharing,TRUE,File Pendukung_Kadek Savita Dyutianaya_PKM-KC_PENS 5 Agustus 2026,,
,,,,,,,,ALLY,"Menyiapkan smartband agar siap dipakai perekaman sesi kalibrasi data, mencakup pemeriksaan sensor, pengisian daya, dan penyesuaian firmware agar pengiriman data stabil selama sesi berlangsung.",,,,,,,,
,,,,,,,,KADEK,"Mengoordinasikan persiapan pengujian terhadap relawan, mencakup kesiapan perangkat, alat medis terstandar, kelengkapan dokumen, dan penjadwalan sesi.",,,,,,,,
,,,,,,,,TIWI,"Menyiapkan dokumen yang diperlukan untuk pengujian terhadap subjek, mencakup pencetakan dan penggandaan berkas persetujuan.",,,,,,,,
,,,,,,,,ZEVEN,"Menyiapkan aset visual pendukung dokumen perizinan dan pengambilan data, agar berkas yang dibagikan ke subjek mudah dipahami.",,,,,,,,
,"Pengujian Kedua Smartband ANTARAGA Terhadap Relawan, Pengujian Alur Data End-to-End, dan Pengumpulan Data Sinyal",,6 Agustus 2026,09:00-12:00,180,Lokasi Relawan,YA,ADAM,"Pengujian smartband ANTARAGA secara menyeluruh bersama tim hardware. Menguji alur data dari sensor sampai tersimpan di server, sekaligus memeriksa kewajaran nilai yang terbaca","Tim ANTARAGA melaksanakan pengujian kedua smartband terhadap relawan untuk menguji alur sistem secara lebih menyeluruh. Adam menguji alur data mulai dari pembacaan sensor hingga data tersimpan pada server serta memeriksa kewajaran nilai yang dihasilkan. Ally mendampingi pengujian dari sisi hardware dengan memastikan sensor terpasang dengan benar, kualitas sinyal memadai, dan perangkat dapat mengirimkan data tanpa terputus selama sesi berlangsung. Kadek mengoordinasikan jalannya pengujian, Tiwi mendampingi dari sisi administrasi dan pencatatan, sedangkan Zeven mendokumentasikan pelaksanaan pengujian kedua terhadap relawan. Dari pengujian tersebut diperoleh dua data yang dapat digunakan sebagai bagian dari evaluasi dan pengembangan sistem.","Terlaksananya pengujian kedua smartband ANTARAGA terhadap relawan, terujinya alur data dari sensor hingga penyimpanan pada server, tervalidasinya pemasangan sensor, kualitas sinyal, dan kestabilan pengiriman data selama pengujian, terkoordinasinya pelaksanaan pengujian serta administrasi dan pencatatan kegiatan, terdokumentasikannya proses pengujian, serta diperolehnya dua data hasil pengujian sebagai bahan evaluasi dan pengembangan sistem. Kegiatan ini merupakan bagian dari tahap Pengujian Sistem End-to-End, Validasi Hardware dan Kualitas Sinyal, Pengumpulan Data Relawan, serta Dokumentasi Pengujian pada flowchart metode PKM ANTARAGA. Persentase capaian rangkaian PKM: 1%.",1%,https://drive.google.com/drive/folders/1XH7KT0_ipywCmSMgaCirbHuqas9Hk1S9?usp=sharing,TRUE,File Pendukung_Kadek Savita Dyutianaya_PKM-KC_PENS 6 Agustus 2026,,
,,,,,,,,ALLY,"Mendampingi pengujian smartband kedua terhadap relawan, dengan fokus pada sisi perangkat keras yakni memastikan sensor terpasang benar, kualitas sinyal memadai, dan perangkat mengirim data tanpa terputus selama sesi berlangsung",,,,,,,,
,,,,,,,,KADEK,Mengoordinasikan jalannya pengujian smartband kedua terhadap relawan.,,,,,,,,
,,,,,,,,TIWI,Mendampingi pengujian smartband kedua dari sisi administrasi dan pencatatan.,,,,,,,,
,,,,,,,,ZEVEN,Mendokumentasikan jalannya pengujian smartband kedua terhadap relawan.,,,,,,,,
,Konsultasi dan Validasi Pendekatan Sistem ANTARAGA Bersama Dokter Spesialis Saraf,,7 Agustus 2026,12:00-14:00,120,Rumah Sakit Unair,TIDAK,ALL,"Mengunjungi dokter spesialis saraf untuk validasi pendekatan sistem ANTARAGA, terutama pemilihan parameter risiko, penetapan ambang keputusan, dan cara penyampaian hasil kepada keluarga.","Tim ANTARAGA mengunjungi dokter spesialis saraf di Poli Saraf Rumah Sakit Universitas Airlangga, yaitu dr. Lathifatul Fikriyah, Sp.N, untuk melakukan validasi terhadap pendekatan sistem ANTARAGA. Diskusi difokuskan pada pemilihan parameter risiko yang digunakan dalam sistem, penetapan ambang keputusan, serta cara penyampaian hasil prediksi kepada keluarga pengguna. Kegiatan ini dilakukan untuk memperoleh masukan dari tenaga medis sebagai bahan evaluasi dan penyempurnaan pendekatan sistem sebelum pengujian dan pengembangan lebih lanjut. Dari hasil konsultasi, dr. Lathifatul memvalidasi bahwa parameter yang digunakan dalam sistem ANTARAGA sudah tepat, dan nilai ambang batas (threshold) yang diterapkan telah disetujui secara medis. Beliau menyarankan penambahan parameter gejala nyeri sebagai salah satu indikator tambahan dalam sistem ANTARAGA, guna memperkaya akurasi deteksi risiko. Selain itu, dr. Lathifatul menegaskan bahwa prediksi stroke secara langsung sulit dilakukan, sehingga yang secara medis dapat divalidasi adalah pendeteksian faktor risikonya, bukan kejadian stroke itu sendiri; hal ini sejalan dan memvalidasi tujuan awal ANTARAGA, yaitu mendeteksi risiko stroke berdasarkan faktor-faktor yang dapat terobservasi, bukan mendiagnosis stroke secara langsung. Dokter juga menyarankan agar pengambilan data pengujian dapat dilakukan di posyandu, mengingat posyandu umumnya turut melayani kelompok lansia sebagai target responden penelitian.","Tervalidasinya kesesuaian parameter risiko dan nilai ambang batas keputusan sistem ANTARAGA secara medis oleh dokter spesialis saraf, diperolehnya masukan untuk penambahan parameter gejala nyeri guna memperkaya sistem deteksi, tervalidasinya tujuan dan batasan sistem ANTARAGA sebagai alat deteksi faktor risiko (bukan diagnosis stroke), serta diperolehnya rekomendasi lokasi pengambilan data pengujian di posyandu sebagai tempat yang potensial menjangkau responden lansia. Kegiatan ini merupakan bagian dari tahap Validasi Medis Pendekatan Sistem dan Persiapan Pengujian dengan Relawan pada flowchart metode PKM ANTARAGA. Persentase capaian rangkaian PKM: 2%",2%,https://drive.google.com/drive/folders/1UYXTJKVpZ3HNQOO_8uhBzX8KD5Xf1NDC?usp=sharing,TRUE,File Pendukung_Kadek Savita Dyutianaya_PKM-KC_PENS 7 Agustus 2026,,
TOTAL DURASI,,,,,900,,,,,,,7%,,,,,
,Penyusunan Berkas Pendaftaran HKI Perangkat Lunak dan AI serta Perancangan Buku Manual ANTARAGA,12,9 Agustus 2026,,300,,,ADAM,Proses pembuatan berkas pendaftaran Hak Kekayaan Intelektual untuk komponen perangkat lunak dan model kecerdasan buatan ANTARAGA. Menyusun dokumentasi struktur kode beserta rentang baris tiap fitur agar dapat dilampirkan sebagai bukti ciptaan.,"Pada sisi administrasi dan legalitas, tim ANTARAGA memulai proses penyusunan berkas pendaftaran Hak Kekayaan Intelektual untuk komponen perangkat lunak dan model kecerdasan buatan yang dikembangkan. Adam menyusun dokumentasi struktur kode beserta rentang baris pada setiap fitur sebagai bukti ciptaan yang akan dilampirkan dalam berkas pendaftaran HKI. Kadek menangani kelengkapan berkas administrasi yang diperlukan dalam proses pendaftaran. Pada sisi penyusunan buku manual, Tiwi membuat template buku manual, Zeven merancang desain visual buku manual, sedangkan Ally membantu penyusunan template. Seluruh hasil tersebut menjadi dasar untuk proses finalisasi berkas HKI dan buku manual ANTARAGA.","Tersusunnya berkas awal pendaftaran HKI untuk komponen perangkat lunak dan model kecerdasan buatan ANTARAGA, terdokumentasikannya struktur kode beserta rentang baris setiap fitur sebagai bukti ciptaan, tersiapkannya berkas administrasi pendukung, serta terealisasinya template dan desain buku manual ANTARAGA. Kegiatan ini merupakan bagian dari tahap Penyusunan Berkas HKI, Dokumentasi Ciptaan Perangkat Lunak dan AI, serta Penyusunan Buku Manual pada flowchart metode PKM ANTARAGA. Persentase capaian rangkaian PKM: 1%.",1%,https://drive.google.com/drive/folders/1yIW4EJ2BK28A6o7VbUkDDKkDHNFsg1a8?usp=sharing,TRUE,File Pendukung_Kadek Savita Dyutianaya_PKM-KC_PENS 9 Agustus 2026,,
,,,,,,,,KADEK,urus berkas administrasi,,,,,,,,
,,,,,,,,TIWI,membuat template buku manual,,,,,,,,
,,,,,,,,ZEVEN,membuat desain buku manual,,,,,,,,
,,,,,,,,ALLY,membantu membuat template buku manual,,,,,,,,
,Pengujian Ketiga (relawan 4 dan 5) Smartband ANTARAGA terhadap Relawan,,10 Agustus 2026,09:00-13:00,240,Lokasi Relawan,YA,ALL,pengujian kebapak kos ally dan ibu kos kadek dan pembelian lacet dan strip,"Tim ANTARAGA melaksanakan pengujian ketiga smartband terhadap relawan, yaitu Bapak Kos Ally dan Ibu Kos Kadek. Pengujian dilakukan untuk melanjutkan pengambilan data dan mengevaluasi penggunaan perangkat pada subjek. Pada kegiatan yang sama, tim juga melakukan pembelian lancet dan strip sebagai perlengkapan pendukung proses pengambilan data.","Terlaksananya pengujian ketiga smartband ANTARAGA terhadap dua subjek, diperolehnya data hasil pengujian sebagai bahan evaluasi perangkat, serta tersedianya lancet dan strip sebagai perlengkapan pendukung pengambilan data. Kegiatan ini merupakan bagian dari tahap Pengujian Smartband terhadap Relawan dan Pengumpulan Data Pengujian pada flowchart metode PKM ANTARAGA. Persentase capaian rangkaian PKM: 1%.",1%,https://drive.google.com/drive/folders/1LGwUxSZxJROtwaCzh_AVwce974jbjxLK?usp=sharing,TRUE,File Pendukung_Kadek Savita Dyutianaya_PKM-KC_PENS 10 Agustus 2026,,
,Proses finalisasi dan pencetakan berkas HKI sebagai salah satu luaran tambahan dari ANTARAGA,,13 Agustus 2026,09:00-11:00,120,Kampus PENS,TIDAK,ALL,"melakukan finalisasi buku manual, mencetak seluruh berkas HAKI, mendapatkan tanda tangan basah dosen, dan menuntaskan penyiapan berkas pendaftaran HKI.","Tim ANTARAGA melaksanakan proses finalisasi dan pencetakan berkas HKI. Kegiatan mencakup penyelesaian buku manual, pencetakan seluruh berkas HKI, serta penandatanganan dokumen oleh dosen menggunakan tanda tangan basah. Proses tersebut dilakukan untuk menuntaskan seluruh kelengkapan berkas sebelum diserahkan ke Sentra HKI PENS.","Terealisasinya finalisasi buku manual dan seluruh berkas HKI, tercetaknya dokumen pendaftaran HKI, serta diperolehnya tanda tangan basah dosen pada dokumen yang dipersyaratkan sehingga berkas pendaftaran HKI siap untuk diserahkan ke Sentra HKI PENS. Kegiatan ini merupakan bagian dari tahap Finalisasi dan Pencetakan Berkas HKI pada flowchart metode PKM ANTARAGA. Persentase capaian rangkaian PKM: 1%.",1%,https://drive.google.com/drive/folders/1RNqOhnvPU1PIlHeO4LibMVWSi14XYFgv?usp=sharing,TRUE,File Pendukung_Kadek Savita Dyutianaya_PKM-KC_PENS 13 Agustus 2026,,
,proses penyerahan berkas HKI ke kampus pens dan pengujian 4 smartband antaraga (pengujian ke uti),,14 Agustus 2026,09-:00-13:00,240,Kampus PENS,,ADAM,"Memastikan hasil final buku manual dan HAKI, bahwa seluruh kode dan urutannya sudah sesuai sebelum dokumen diserahkan","Pada sisi administrasi dan legalitas, tim ANTARAGA melaksanakan penyerahan berkas HKI ke Sentra HKI PENS. Adam memastikan hasil final buku manual dan berkas HKI, termasuk kesesuaian kode serta urutan dokumentasi, telah diperiksa sebelum dokumen diserahkan. Kadek mengoordinasikan proses penyerahan dan memastikan seluruh lampiran telah lengkap. Tiwi bersama Ally menyerahkan berkas HKI ke Sentra HKI PENS, kemudian Tiwi mengarsipkan dokumen yang telah diserahkan. Zeven mendokumentasikan proses penyerahan berkas dan menyiapkan bahan visual untuk laporan.

Pada sisi pengujian perangkat, tim juga melaksanakan pengujian keempat smartband ANTARAGA terhadap Uti (relawan). Pengujian dilakukan sebagai bagian dari proses pengambilan data dan evaluasi penggunaan perangkat terhadap subjek.","Terverifikasinya kelengkapan dan kesesuaian buku manual, kode, serta lampiran berkas HKI, terlaksananya penyerahan berkas HKI ke Sentra HKI PENS, terarsipkannya dokumen yang telah diserahkan, tersedianya dokumentasi visual proses penyerahan, serta terlaksananya pengujian keempat smartband ANTARAGA terhadap Uti (relawan) sebagai bagian dari pengumpulan data dan evaluasi perangkat. Kegiatan ini merupakan bagian dari tahap Penyerahan Berkas HKI, Administrasi dan Dokumentasi Legalitas, serta Pengujian Smartband terhadap Relawan pada flowchart metode PKM ANTARAGA. Persentase capaian rangkaian PKM: 1%.",1%,https://drive.google.com/drive/folders/1ALXkwO0ZEoPyC5bhK8cftIiJmAKYwmN9?usp=sharing,TRUE,File Pendukung_Kadek Savita Dyutianaya_PKM-KC_PENS 14 Agustus 2026,,
,,,,,,,,ALLY,tiwi dan ally menyerahkan berkas,,,,,,,,
,,,,,,,,KADEK,"Mengoordinasikan penyerahan berkas HKI ke sentra HKI kampus, memastikan seluruh lampiran lengkap sebelum diserahkan.",,,,,,,butuh dokumentasi foto/vid saat nguji uti (masih di memori camera),
,,,,,,,,TIWI,Mendampingi penyerahan berkas HKI ke sentra HKI kampus dan mengarsipkan dokumennya.,,,,,,,,
,,,,,,,,ZEVEN,Mendokumentasikan proses penyerahan berkas HKI dan menyiapkan bahan visual untuk laporan.,,,,,,,,
TOTAL DURASI,,,,,900,,,,,,,4%,,,,,
,"Pengolahan hasil pengujian, koordinasi persiapan monev, dan penyusunan laporan kemajuan",,16 Agustus 2026,09:30-17:00,450,Ruang Kerja Pribadi Anggota Tim,,ADAM,"Merancang model MLP untuk kalibrasi sensor PPG. Model XGBoost yang sudah selesai memprediksi risiko stroke dari nilai vital, tetapi nilai-nilai itu masih harus diukur dengan alat invasif. Tugas MLP adalah menerjemahkan sinyal optik sensor menjadi nilai vital, sehingga pengguna tidak perlu ditusuk jarum atau dipasangi manset.

selain itu, dilakukan penerapan rancangan MLP ke kode pelatihan, menyambungkannya ke dashboard agar dapat dilatih langsung dari dashboard web, lalu melatihnya memakai data kalibrasi yang sudah terkumpul. Sekaligus memeriksa akurasi model yang dihasilkan. Sehingga, model MLP sudah berhasil dibuat, tinggal ketika ada data subjek baru maka tinggal melatih ulang model nya dengan klik tombol latih MLP di dashboard. Akurasi model masih jelek karena data subjek masih sedikit seiring banyak nya data subjek maka akan membaik juga akurasi nya","Pada sisi machine learning, Adam merancang dan mengimplementasikan model Multilayer Perceptron (MLP) yang digunakan untuk melakukan kalibrasi sensor PPG. Model XGBoost sebelumnya telah digunakan untuk memprediksi risiko stroke berdasarkan nilai vital, sedangkan model MLP dikembangkan untuk menerjemahkan sinyal optik dari sensor PPG menjadi estimasi nilai vital sehingga proses pengukuran dapat dilakukan tanpa pengambilan data menggunakan jarum maupun manset secara langsung. Rancangan MLP kemudian diterapkan ke dalam kode pelatihan dan diintegrasikan dengan dashboard web sehingga proses pelatihan model dapat dilakukan langsung melalui dashboard. Model MLP dilatih menggunakan data kalibrasi yang telah terkumpul dan dilakukan pemeriksaan terhadap akurasi hasil prediksinya. Model telah berhasil dibuat dan mekanisme pelatihan ulang telah tersedia melalui tombol pelatihan MLP pada dashboard. Hasil awal menunjukkan akurasi yang masih rendah karena jumlah data subjek yang tersedia masih terbatas, sehingga diperlukan penambahan data kalibrasi dari subjek berikutnya untuk meningkatkan performa model.

Pada sisi hardware, Ally mengolah data hasil empat sesi pengujian yang telah terkumpul dari enam relawan dan menyusun bagian perangkat keras pada laporan kemajuan. Kadek meninjau kelengkapan data dari empat sesi pengujian serta mengoordinasikan penyusunan laporan kemajuan agar setiap bagian dapat diselesaikan sebelum jadwal asistensi. Tiwi merapikan arsip administrasi dari empat sesi pengujian dan menyusun bagian laporan kemajuan yang menjadi tanggung jawabnya. Zeven mengolah dokumentasi dari empat sesi pengujian serta menyiapkan bahan visual untuk laporan kemajuan dan konten media sosial.","Terealisasinya rancangan dan implementasi model MLP untuk kalibrasi sensor PPG, terintegrasinya mekanisme pelatihan MLP ke dashboard web, berhasil dilatihnya model menggunakan data kalibrasi yang telah terkumpul, serta tersedianya mekanisme pelatihan ulang model melalui dashboard untuk digunakan ketika data subjek baru tersedia. Hasil evaluasi awal menunjukkan akurasi model masih rendah karena jumlah data kalibrasi yang tersedia masih terbatas sehingga diperlukan penambahan data subjek. Selain itu, terolahnya data hasil empat sesi pengujian dari enam relawan, tersusunnya bagian hardware dan bagian laporan kemajuan masing-masing anggota, tertatanya arsip administrasi pengujian, serta tersedianya bahan visual untuk laporan kemajuan dan konten media sosial. Kegiatan ini merupakan bagian dari tahap Pengembangan dan Kalibrasi Model MLP, Pengolahan Data Pengujian, Penyusunan Laporan Kemajuan, serta Dokumentasi Hasil Pengujian pada flowchart metode PKM ANTARAGA. Persentase capaian rangkaian PKM: 2%.",2%,https://drive.google.com/drive/folders/1MYJ1u53YqcnE2e4CWVb2T7MbWJbutLrx?usp=sharing,TRUE,File Pendukung_Kadek Savita Dyutianaya_PKM-KC_PENS 16 Agustus 2026,,
,,,,,,,,ALLY,"Mengolah data hasil empat sesi pengujian yang sudah terkumpul dari sisi perangkat keras, lalu menyusun bagian perangkat keras pada laporan kemajuan",,,,,,,,
,,,,,,,,KADEK,"Meninjau kelengkapan data yang terkumpul dari empat sesi pengujian (6 relawan), lalu mengoordinasikan penyusunan laporan kemajuan agar tiap bagian tergarap sebelum tenggat asistensi.",,,,,,,,
,,,,,,,,TIWI,"Merapikan arsip administrasi dari empat sesi pengujian yang sudah berjalan, lalu menulis bagian laporan kemajuan yang menjadi tanggung jawabnya.",,,,,,,,
,,,,,,,,ZEVEN,"Mengolah dokumentasi yang terkumpul dari empat sesi pengujian, lalu menyiapkan bahan visual untuk laporan kemajuan dan konten media sosial.",,,,,,,,
,"Workshop Internal Teknis Laporan Kemajuan, Workshop Laporan Akhir, serta Monev Internal 3 (Product Visit dan Data Checking) ",,20 Agustus 2026,08:00 - 15:30,450,,,ALL,"Mengikuti Workshop Internal Teknis Laporan Kemajuan dan Workshop Laporan Akhir yang diselenggarakan oleh Kampus PENS untuk memahami tata cara penyusunan, kelengkapan dokumen, serta prosedur pelaporan kegiatan PKM. Selain itu, mengikuti Monev Internal 3 yang meliputi Product Visit dan Data Checking untuk mempersiapkan tim dalam menghadapi proses monitoring dan evaluasi, memastikan kesiapan produk serta kelengkapan data dan dokumen pendukung. Kegiatan ini juga memberikan pemahaman mengenai persiapan luaran PKM, termasuk prosedur dan persyaratan pengajuan HKI.","Seluruh anggota tim ANTARAGA mengikuti Workshop Internal Teknis Laporan Kemajuan dan Workshop Laporan Akhir yang diselenggarakan oleh Kampus PENS. Kegiatan ini dilakukan untuk memahami tata cara penyusunan laporan, kelengkapan dokumen, serta prosedur pelaporan kegiatan PKM. Tim juga mengikuti Monev Internal 3 yang meliputi Product Visit dan Data Checking sebagai bagian dari persiapan menghadapi proses monitoring dan evaluasi. Pada kegiatan tersebut, tim memastikan kesiapan produk, data, serta dokumen pendukung yang diperlukan untuk proses evaluasi. Selain itu, tim memperoleh arahan mengenai persiapan luaran PKM, termasuk prosedur dan persyaratan pengajuan HKI.","Terlaksananya partisipasi seluruh anggota tim dalam Workshop Internal Teknis Laporan Kemajuan dan Workshop Laporan Akhir, diperolehnya pemahaman mengenai tata cara penyusunan laporan, kelengkapan dokumen, dan prosedur pelaporan PKM, serta terlaksananya Monev Internal 3 melalui kegiatan Product Visit dan Data Checking untuk memeriksa kesiapan produk, data, dan dokumen pendukung. Selain itu, diperolehnya pemahaman mengenai persiapan luaran PKM, termasuk prosedur dan persyaratan pengajuan HKI. Kegiatan ini merupakan bagian dari tahap Penyusunan dan Finalisasi Laporan, Monitoring dan Evaluasi Produk, Pemeriksaan Data dan Dokumen, serta Persiapan Luaran HKI pada flowchart metode PKM ANTARAGA. Persentase capaian rangkaian PKM: 1%.",1%,https://drive.google.com/drive/folders/1JFx3eJjwcbvJblI2vz1Vwijj-tvzQ3mm?usp=sharing,TRUE,File Pendukung_Kadek Savita Dyutianaya_PKM-KC_PENS 20 Agustus 2026,,
TOTAL DURASI,,,,,900,,,,,,,3%,,,,,
,"Integrasi aplikasi mobile, pengembangan fitur distribusi APK, dan penyusunan laporan kemajuan",,23 Agustus 2026,14:00-20:00,360,Ruang Kerja Pribadi Anggota Tim,,ADAM,"Memastikan integrasi aplikasi mobile Flutter dengan API backend secara menyeluruh, sehingga data yang diproses server dapat diterima dan ditampilkan pada aplikasi keluarga. Menelusuri penyebab beberapa data pada aplikasi masih kosong karena belum realtime dari server. Selain itu, membangun fitur agar file APK aplikasi mobile dapat diunduh langsung dari homepage website ANTARAGA serta menyiapkan fitur management upload dan delete APK melalui dashboard.","Pada sisi software, Adam melakukan validasi integrasi aplikasi mobile Flutter dengan API backend secara menyeluruh untuk memastikan data yang diproses oleh server dapat diterima dan ditampilkan pada aplikasi keluarga. Dalam proses validasi ditemukan beberapa data pada aplikasi yang masih kosong karena belum diperbarui secara realtime dari server, sehingga Adam menelusuri alur pengiriman dan pengambilan data untuk mengidentifikasi sumber permasalahan. Selain itu, Adam membangun fitur distribusi aplikasi mobile dengan menyediakan file APK yang dapat diunduh langsung melalui halaman homepage website ANTARAGA. Adam juga menyiapkan fitur pengelolaan APK pada dashboard agar administrator dapat melakukan upload dan delete file APK.

Pada sisi penyusunan laporan, seluruh anggota tim melanjutkan penyusunan laporan kemajuan. Ally merapikan perangkat keras ANTARAGA agar siap digunakan untuk peragaan sekaligus menyusun bagian perangkat keras pada laporan. Kadek mengoordinasikan penyusunan laporan dan memastikan setiap bagian telah tergarap dengan gaya penulisan yang seragam. Tiwi menyusun bagian pendahuluan, metode, dan luaran serta merapikan tata tulis keseluruhan dokumen. Zeven menyiapkan bahan visual berupa diagram alur sistem, screenshot antarmuka web dan aplikasi mobile, serta tata letak dokumen untuk mendukung penyusunan laporan kemajuan.","Tervalidasi integrasi aplikasi mobile Flutter dengan API backend, teridentifikasinya kendala data yang belum tampil secara realtime pada aplikasi keluarga, tersedianya fitur pengunduhan APK melalui homepage website ANTARAGA, serta tersedianya fitur upload dan delete APK melalui dashboard. Selain itu, tersiapkannya perangkat hardware dalam kondisi siap peragaan, tersusunnya bagian pendahuluan, metode, luaran, dan hardware pada laporan kemajuan, terseragamkannya tata tulis dokumen, serta tersedianya diagram alur sistem dan screenshot antarmuka web dan aplikasi mobile sebagai bahan visual laporan. Kegiatan ini merupakan bagian dari tahap Integrasi Aplikasi Mobile dan Backend, Pengelolaan Distribusi Aplikasi, Persiapan Demonstrasi Hardware, serta Penyusunan Laporan Kemajuan pada flowchart metode PKM ANTARAGA. Persentase capaian rangkaian PKM: 1%.",1%,https://drive.google.com/drive/folders/1LBeZQECR3MhZajPkEdWHwtiL55b3ByEC?usp=sharing,TRUE,File Pendukung_Kadek Savita Dyutianaya_PKM-KC_PENS 23 Agustus 2026,,
,,,,,,,,ALL,melanjutkan laporan kemajuan,,,,,,,,
,,,,,,,,ALLY,Merapikan perangkat keras ANTARAGA agar berada dalam kondisi siap digunakan untuk peragaan dan menyusun bagian perangkat keras pada laporan kemajuan.,,,,,,,,
,,,,,,,,KADEK,Menyusun dan mengoordinasikan penyusunan laporan kemajuan serta memastikan setiap bagian telah tergarap dan memiliki gaya penulisan yang seragam.,,,,,,,,
,,,,,,,,TIWI,"Menyusun laporan kemajuan bagian pendahuluan, metode, dan luaran sekaligus merapikan tata tulis keseluruhan dokumen.",,,,,,,,
,,,,,,,,ZEVEN,"Menyusun bahan visual untuk laporan kemajuan, meliputi diagram alur sistem, screenshot UI web dan aplikasi mobile, serta tata letak dokumen.",,,,,,,,
,"Workshop Teknik Presentasi PKP2 oleh Bapak Dr. Ir. Sony Junianto, S.T., IPM yang diselenggarakan oleh PKM Center PENS",,26 Agustus 2026,18:00 - 21:00,180,Zoom Meeting,,ADAM,Mengikuti dan memahami Workshop Teknik Presentasi PKP2 yang diselenggarakan PKM Center PENS,"Seluruh anggota tim ANTARAGA (Adam, Ally, Kadek, Tiwi, dan Zeven) mengikuti Workshop Teknik Presentasi PKP2 yang diselenggarakan oleh PKM Center PENS, dengan pemateri Bapak Dr. Ir. Sony Junianto, S.T., IPM. Workshop ini membahas teknik dan strategi penyampaian presentasi yang efektif sebagai bekal tim dalam menghadapi tahapan penilaian PKP2 mendatang.","Diperolehnya pemahaman mengenai teknik dan strategi presentasi yang efektif dari narasumber ahli, sebagai bekal bagi seluruh anggota tim dalam mempersiapkan presentasi PKP2 mendatang. Kegiatan ini merupakan bagian dari tahap Persiapan Presentasi dan Monitoring Evaluasi PKP2 pada flowchart metode PKM ANTARAGA. Persentase capaian rangkaian PKM: 1%.",1%,https://drive.google.com/drive/folders/1oFnJ2itRYglg2I-2hG2h-Psy64GeJ9ku?usp=sharing,TRUE,File Pendukung_Kadek Savita Dyutianaya_PKM-KC_PENS 26 Agustus 2026,,
,,,,,,,,ALLY,,,,,,,,,
,,,,,,,,KADEK,,,,,,,,,
,,,,,,,,TIWI,,,,,,,,,
,,,,,,,,ZEVEN,,,,,,,,,
,Asistensi dan Bimbiingan rutin kepada Dosen Pendamping ,,27 Agustus 2026,08:00 - 14:00,360,Kampus PENS,,ADAM,"membahas mengenai progress logbook, laporan kemajuan, pengujian, rencana oengjian selanjutnya, dan pembgian job presentasi PKP2","Seluruh anggota tim ANTARAGA (Adam, Ally, Kadek, Tiwi, dan Zeven) melaksanakan bimbingan rutin dan asistensi progress bersama dosen pendamping. Bimbingan ini membahas progres logbook, laporan kemajuan, hasil pengujian yang telah dilakukan, rencana pengujian selanjutnya, serta pembagian tugas (job) untuk persiapan presentasi PKP2. Dosen Pendamping juga memberikan saran dan masukan setelah melaksanakan monev 3 kemarin. ","Diperolehnya arahan dan masukan dari dosen pendamping terkait progres logbook, laporan kemajuan, hasil monev 3, dan kejelasan rencana pengujian tahap selanjutnya, serta tersusunnya pembagian tugas tim untuk persiapan presentasi PKP2. Kegiatan ini merupakan bagian dari tahap Monitoring dan Evaluasi Internal serta Persiapan Presentasi PKP2 pada PKM ANTARAGA. Persentase capaian rangkaian PKM: 1%.",1%,https://drive.google.com/drive/folders/1qkABLN52B5gdaNGdCBmf461HRw678LO0?usp=sharing,TRUE,File Pendukung_Kadek Savita Dyutianaya_PKM-KC_PENS 28 Agustus 2026,,
,,,,,,,,ALLY,,,,,,,,,
,,,,,,,,KADEK,,,,,,,,,
,,,,,,,,TIWI,,,,,,,,,
,,,,,,,,ZEVEN,,,,,,,,,
TOTAL DURASI,,,,,900,,,,,,,3%,,,,,
,Finalisasi dan penguploadan Pengiklanan Konten Medsos 3,15,29 Agustus 2026,07:00-12:00,300,,YA,ADAM,"Membuat dan menyiapkan akun Google Play Console serta menyelesaikan pembayaran biaya pendaftaran sebagai persiapan publikasi aplikasi mobile ANTARAGA melalui Google Play Store. Selain itu, menyiapkan bahan teknis berupa peragaan sistem ANTARAGA yang sedang berjalan untuk mendukung konten media sosial ketiga.","Melakukan finalisasi dan publikasi konten media sosial ketiga yang menampilkan peragaan sistem ANTARAGA yang sedang berjalan. Adam menyiapkan bahan teknis peragaan sistem sekaligus membuat akun Google Play Console dan menyelesaikan pembayaran biaya pendaftaran sebagai persiapan publikasi aplikasi mobile ANTARAGA melalui Google Play Store. Ally menyiapkan bahan visual perangkat keras untuk mendukung konten, Kadek mengkoordinasikan proses finalisasi, pengunggahan, dan pengiklanan konten, Tiwi menyusun caption serta membantu proses pengunggahan dan pengiklanan, sedangkan Zeven menyelesaikan desain dan menyiapkan bahan visual konten. Hasilnya, konten media sosial ketiga berhasil difinalisasi, diunggah, dan diiklankan, serta persiapan awal distribusi aplikasi ANTARAGA melalui Google Play Store telah dilakukan.","Terselesaikannya finalisasi, pengunggahan, dan pengiklanan konten media sosial ketiga ANTARAGA, tersedianya bahan teknis dan visual untuk publikasi konten, serta tersiapkannya akun Google Play Console beserta pembayaran biaya pendaftaran sebagai tahap awal distribusi aplikasi mobile ANTARAGA melalui Google Play Store. Kegiatan ini merupakan bagian dari tahap Publikasi dan Promosi Produk serta Persiapan Distribusi Aplikasi pada flowchart metode PKM ANTARAGA. Persentase capaian rangkaian PKM: 1%",2%,https://drive.google.com/drive/folders/107l7Drt_-EqX-IKg4z_x3ub-AA2ruDBM?usp=drive_link,TRUE,File Pendukung_Kadek Savita Dyutianaya_PKM-KC_PENS 29 Agustus 2026,,
,,,,,,,,ALLY,Menyiapkan bahan visual dari sisi perangkat keras ANTARAGA yang digunakan dalam peragaan sistem untuk mendukung pembuatan konten media sosial ketiga.,,,,,,,,
,,,,,,,,KADEK,Mengoordinasikan proses finalisasi konten media sosial ketiga serta membantu proses pengunggahan dan pengiklanan konten agar publikasi ANTARAGA dapat menjangkau lebih banyak pengguna.,,,,,,,,
,,,,,,,,TIWI,Menyusun naskah akhir konten media sosial ketiga serta membantu proses pengunggahan dan pengiklanan konten pada media sosial ANTARAGA.,,,,,,,,
,,,,,,,,ZEVEN,Menyelesaikan desain visual konten media sosial ketiga serta menyiapkan dan mengunggah bahan visual bersama tim untuk mendukung publikasi konten ANTARAGA.,,,,,,,,
,Penyusunan Laporan Kemajuan PKM 2026,,30 agustus 2026,,300,,,ADAM,"Menyusun bagian perkembangan software ANTARAGA, meliputi perkembangan aplikasi mobile, backend server, integrasi sistem, serta model AI deteksi risiko stroke yang telah dikembangkan.","Melanjutkan penyusunan Laporan Kemajuan PKM 2026 dengan mengumpulkan dan menyusun hasil perkembangan setiap bagian ANTARAGA. Adam menyusun bagian perkembangan software yang mencakup aplikasi mobile, backend server, integrasi sistem, dan model AI deteksi risiko stroke. Ally menyusun bagian perkembangan perangkat keras serta dokumentasi kondisi smartband ANTARAGA. Kadek mengoordinasikan penyusunan laporan, mengumpulkan hasil kegiatan setiap anggota, dan memastikan kelengkapan serta kesesuaian isi laporan dengan timeline PKM. Tiwi menyusun bagian pendahuluan, metode, dan luaran serta merapikan tata tulis dokumen. Zeven menyiapkan diagram alur sistem, screenshot antarmuka website dan aplikasi mobile, serta dokumentasi visual produk sebagai bahan pendukung laporan.","Tersusunnya bagian perkembangan software dan hardware ANTARAGA, tersusunnya bagian pendahuluan, metode, dan luaran, serta terkumpulnya dokumentasi visual dan hasil kegiatan sebagai bahan Laporan Kemajuan PKM 2026. Selain itu, terlaksananya koordinasi dan pengecekan kelengkapan laporan berdasarkan capaian dan timeline kegiatan masing-masing anggota. Kegiatan ini merupakan bagian dari tahap Penyusunan Laporan Kemajuan pada flowchart metode PKM ANTARAGA. Persentase capaian rangkaian PKM: 1%.",1%,https://drive.google.com/drive/folders/1VtCMiuB2yLV9KfU3BxEo-OUIY5ET9b5r?usp=drive_link,,File Pendukung_Kadek Savita Dyutianaya_PKM-KC_PENS 30 Agustus 2026,,
,,,,,,,,ALLY,"Menyusun bagian perkembangan perangkat keras ANTARAGA, termasuk kondisi smartband, komponen sensor, serta perkembangan integrasi perangkat untuk mendukung demonstrasi produk",,,,,,,,
,,,,,,,,KADEK,"Mengoordinasikan penyusunan Laporan Kemajuan dengan mengumpulkan hasil kegiatan dari setiap anggota, mengecek kelengkapan isi laporan, serta memastikan penulisan dan capaian kegiatan sesuai dengan timeline PKM.",,,,,,,,
,,,,,,,,TIWI,"Menyusun bagian pendahuluan, metode pelaksanaan, luaran, serta bagian administrasi yang diperlukan dalam Laporan Kemajuan dan melakukan perapian tata tulis dokumen.",,,,,,,,
,,,,,,,,ZEVEN,"Menyiapkan dokumentasi visual untuk Laporan Kemajuan, meliputi diagram alur sistem, screenshot antarmuka website dan aplikasi mobile, serta dokumentasi produk ANTARAGA.",,,,,,,,
,pengujian 5 smartband antaraga (3 data) sekaligus penyusunan laporan kemajuan,,2 September 2026,,300,,,ADAM,"Menjalankan pengujian kelima smartband ANTARAGA bersama relawan, menambah 3 data kalibrasi baru, sekaligus melatih ulang model MLP dengan data yang sudah bertambah dan mulai menyusun draf laporan kemajuan bagian perangkat lunak dan kecerdasan buatan.","Pengujian kelima smartband ANTARAGA dilaksanakan bersama relawan tambahan, menghasilkan 3 data kalibrasi baru yang menambah keragaman komposisi subjek sesuai prioritas yang ditetapkan pada 16 Agustus, yaitu mencari subjek dengan kondisi kesehatan yang berbeda dari mayoritas data sebelumnya. Model MLP kemudian dilatih ulang menggunakan seluruh data kalibrasi yang terkumpul sampai sesi ini. Selain itu, dimulai penyusunan draf laporan kemajuan bagian perangkat lunak dan kecerdasan buatan, mencakup rangkuman capaian pengembangan model XGBoost dan MLP, hasil pengujian relawan, serta status pendaftaran Hak Cipta yang telah terbit.","Bertambahnya data kalibrasi kecerdasan buatan melalui pengujian keenam, tersedianya model MLP hasil pelatihan ulang dengan data terbaru, serta tersusunnya draf awal laporan kemajuan bagian perangkat lunak dan kecerdasan buatan sebagai bahan asistensi dosen pendamping.",1%,https://drive.google.com/drive/folders/1eWuvVkrpi9rPY_dh9udZMzdHIeaJJE4N?usp=sharing,,,,
,pengujian 5 smartband antaraga (3 data) sekaligus penyusunan laporan kemajuan,,,,,,,ALLY,Mendampingi pengujian smartband kelima dari sisi perangkat keras.,"Mendampingi jalannya pengujian kelima smartband ANTARAGA dari sisi perangkat keras, memastikan sensor terpasang dengan benar pada relawan baru, memeriksa mutu sinyal ketiga kanal selama perekaman, serta memantau kondisi baterai agar pengiriman data tidak terputus di tengah sesi. Hasil pemeriksaan menunjukkan sinyal merah dan inframerah tetap berada pada rentang perfusi normal, konsisten dengan sesi-sesi sebelumnya.","Terverifikasinya mutu sinyal perangkat keras pada pengujian keenam, serta terjaminnya kelengkapan sinyal mentah tiga kanal untuk keperluan pelatihan model MLP.",,,,,,
,pengujian 5 smartband antaraga (3 data) sekaligus penyusunan laporan kemajuan,,,,,,,KADEK,Mengoordinasikan pengujian smartband kelima,"Mengoordinasikan pelaksanaan pengujian kelima smartband ANTARAGA, mencakup penjadwalan sesi dengan relawan baru yang komposisinya disesuaikan dengan prioritas subjek yang ditetapkan sebelumnya, memastikan kelengkapan berkas informed consent, serta memeriksa kesiapan alat ukur medis pembanding sebelum sesi berlangsung.","Terlaksananya pengujian keenam sesuai jadwal dengan kelengkapan dokumen persetujuan relawan, serta terpenuhinya sebagian target komposisi subjek yang telah direncanakan.",,,,,,
,pengujian 5 smartband antaraga (3 data) sekaligus penyusunan laporan kemajuan,,,,,,,TIWI,Mendampingi pengujian smartband kelima dari sisi administrasi dan pencatatan.,"Mendampingi pengujian kelima smartband ANTARAGA dari sisi administrasi, mencatat hasil pengukuran alat medis pembanding untuk tiap relawan, memeriksa kelengkapan berkas informed consent yang telah ditandatangani, serta mengarsipkan data hasil pengukuran sesuai kode subjek masing-masing.","Terarsipkannya data hasil pengujian keenam secara lengkap dan tertata per kode subjek, serta terjaminnya kelengkapan dokumen persetujuan relawan sesuai ketentuan etik penelitian.",,,,,,
,pengujian 5 smartband antaraga (3 data) sekaligus penyusunan laporan kemajuan,,,,,,,ZEVEN,"Mendokumentasikan pengujian smartband kelima, sekaligus mengumpulkan bahan visual untuk kebutuhan presentasi dan juga konten sosial media.","Mendokumentasikan jalannya pengujian kelima smartband ANTARAGA dalam bentuk foto dan video, mencakup proses pemasangan alat dan pengukuran pembanding, sekaligus mengumpulkan bahan visual tambahan untuk kebutuhan presentasi PKP2 dan konten media sosial berikutnya.",Tersedianya dokumentasi visual pengujian keenam yang lengkap dan siap diolah menjadi bahan presentasi maupun konten publikasi.,,,,,,
TOTAL DURASI,pengujian 5 smartband antaraga (3 data) sekaligus penyusunan laporan kemajuan,,,,900,,,,,,,4%,,,,,
,melanjutkan pembuatan laporan kemajuan dan pengujian 6 (1 data pengujian lab dan 1 data pengujian alat terstandar) smartband antaraga,,5 September 2026,,600,,,ADAM,"Menemukan dan memperbaiki metode validasi pada skrip pelatihan MLP yang sebelumnya memisahkan data latih dan data uji per baris rekaman, bukan per subjek, sehingga berisiko membocorkan informasi dari relawan yang direkam lebih dari satu kali. Model dilatih ulang dengan metode Leave-One-Subject-Out menggunakan 11 subjek kalibrasi yang terkumpul sampai hari ini.","Ditemukan bahwa skrip pelatihan model MLP kalibrasi (model/train_mlp_calibration.py) memvalidasi model dengan metode Leave-One-Out per baris rekaman, bukan per subjek. Metode ini keliru untuk data ANTARAGA karena satu relawan dapat direkam pada lebih dari satu sesi pengujian, sehingga baris data milik orang yang sama bisa terpisah antara kelompok latih dan kelompok uji. Akibatnya, model berpotensi ""mengenali"" pola pribadi seorang relawan dari sesi lain yang bocor ke data latihnya, bukan benar-benar menebak dari sinyal optik, sehingga angka akurasi yang dilaporkan menjadi lebih baik daripada kenyataan.

Perbaikan dilakukan dengan mengganti metode validasi menjadi Leave-One-Subject-Out (LOSO): model dilatih ulang sebanyak jumlah subjek, setiap kali menyisihkan satu subjek secara penuh sebagai data uji dan melatih dari subjek-subjek lainnya, sehingga tidak ada satu pun prediksi yang dihitung dari model yang pernah melihat data orang tersebut. Model final yang diterapkan pada aplikasi tetap dilatih dari seluruh subjek yang tersedia.

Model dilatih ulang menggunakan seluruh data kalibrasi yang terkumpul sampai hari ini, mencapai 11 subjek setelah penambahan data pada pengujian kelima (2 September, 3 sampel) dan pengujian keenam berupa data laboratorium serta alat pembanding terstandar (5 September, 2 sampel). Hasil evaluasi LOSO per parameter kalibrasi:
[ISI DARI KELUARAN SKRIP `python model/train_mlp_calibration.py` DI VPS -- untuk tiap parameter (gula darah, kolesterol, asam urat, sistolik, diastolik): jumlah subjek yang lolos ambang minimal validasi (MIN_SUBJEK), MAE, RMSE, R², persentase error, dan persentase akurasi. Belum diisi karena skrip belum dijalankan ulang terhadap data VPS yang sesungguhnya sejak perbaikan LOSO diterapkan -- angka tidak boleh ditulis sebelum benar-benar diukur.]","Terkoreksinya metodologi validasi model MLP dari yang berpotensi bias menjadi metode Leave-One-Subject-Out yang sesuai kaidah ilmiah untuk data dengan subjek terbatas, serta tersedianya model MLP hasil pelatihan ulang dari 11 subjek kalibrasi dengan angka akurasi yang dapat dipertanggungjawabkan secara metodologis untuk dicantumkan pada laporan kemajuan.",1%,https://drive.google.com/drive/folders/1n93lRXTVDH-74p6aDA4RwJceKBeYtG8Q?usp=sharing,,,,
,,,,,,,,ALLY,"Mendampingi penambahan dua data kalibrasi dari pengujian laboratorium dan alat pembanding terstandar, sekaligus menyempurnakan bagian perangkat keras pada laporan kemajuan.","Mendampingi sesi tambahan pengujian keenam yang menghasilkan dua data kalibrasi baru, satu dari hasil pemeriksaan laboratorium dan satu dari alat ukur pembanding terstandar, guna memastikan mutu sinyal tetap terjaga pada penambahan data di luar jadwal reguler. Selain itu, menyempurnakan bagian perangkat keras pada draf laporan kemajuan berdasarkan masukan tim.","Bertambahnya dua data kalibrasi yang terverifikasi mutu sinyalnya, serta tersempurnakannya bagian perangkat keras pada laporan kemajuan.",,,,,,
,,,,,,,,KADEK,Mengoordinasikan penambahan data kalibrasi lanjutan serta memimpin penyusunan laporan kemajuan secara menyeluruh.,"Mengoordinasikan penambahan dua data kalibrasi lanjutan dari pengujian laboratorium dan alat pembanding terstandar, sekaligus memimpin penyusunan laporan kemajuan secara menyeluruh, memastikan tiap bagian dari anggota tim tergarap dan konsisten satu sama lain sebelum diasistensikan ke dosen pendamping.","Terkoordinasinya penambahan data kalibrasi lanjutan, serta tersusunnya draf laporan kemajuan yang menyeluruh dan siap diasistensikan.",,,,,,
,,,,,,,,TIWI,"Mencatat dan mengarsipkan dua data kalibrasi tambahan, sekaligus menyusun bagian administratif pada laporan kemajuan.","Mencatat dan mengarsipkan hasil dua data kalibrasi tambahan dari pengujian laboratorium dan alat pembanding terstandar, memastikan kesesuaian antara hasil ukur dan kode subjek. Selain itu, menyusun bagian administratif pada laporan kemajuan, termasuk rekap logbook kegiatan dan status luaran yang sudah tercapai.","Terarsipkannya data kalibrasi tambahan dengan lengkap, serta tersusunnya bagian administratif laporan kemajuan yang siap diperiksa tim.",,,,,,
,,,,,,,,ZEVEN,"Mendokumentasikan sesi penambahan data kalibrasi, sekaligus menyiapkan bahan visual pendukung laporan kemajuan.","Mendokumentasikan sesi penambahan dua data kalibrasi dari pengujian laboratorium dan alat pembanding terstandar, serta menyiapkan bahan visual pendukung laporan kemajuan seperti tata letak dokumen dan diagram pendukung penjelasan teknis.","Tersedianya dokumentasi sesi penambahan data kalibrasi, serta bahan visual pendukung yang siap disertakan pada laporan kemajuan.",,,,,,
,Technical Meeting dan Simulasi PKP2 ,,10-11 September 2026,,300,,,ALL,Mengikuti technical meeting penyelenggara dan menjalankan simulasi Penilaian Kemajuan Program PKM (PKP2) sebagai persiapan penilaian resmi.,,,1%,"https://drive.google.com/drive/folders/1vk0I1WqWQl9L2rt3Ia6gg1bQQJngsv6B?usp=sharing

https://drive.google.com/drive/folders/1DI3Ygq87mAQHinmU4lTe7lj5gxPDnziy?usp=sharing",,,,
TOTAL DURASI,,,,,900,,,,,,,2%,,,,,
,Pelaksanaan Penilaian Kemajuan Program PKM (PKP2),,15 September 2026,,300,,,ADAM,,,,1%,,,,,
,,,,,,,,,,,,,,,,,
,,,,,,,,,,,,,,,,,
,,,,,,,,,,,,,,,,,
,,,,,,,,,,,,,,,,,
,pengujian 8 smartband antaraga bersamaan dengan pengujian lab sekaligius melatih data,,16 September 2026,,600,,,,,,,1%,,,,,
TOTAL DURASI,,,,,900,,,,,,,2%,,,,,
,finalisasi laporan akhir dan asistensi ke dosen pendamping,,19 September,,900,,,ADAM,,,,1%,https://drive.google.com/drive/folders/1IShg14cK7NHLUDDwHZVh2jdec7dSu13z?usp=sharing,,,,
,,,,,,,,,,,,,,,,,
,,,,,,,,,,,,,,,,,
,,,,,,,,,,,,,,,,,
,,,,,,,,,,,,,,,,,
,,,,,,,,,,,,,,,,,
,,,,,,,,,,,,,,,,,
,,,,,,,,,,,,,,,,,
,,,,,,,,,,,,,,,,,
,,,,,,,,,,,,,,,,,
TOTAL DURASI,,,,,900,,,,,,,1%,,,,,
TOTAL DURASI KESELURUHAN,,,,,,,,,TOTAL PERSENTASE,,,100%,,,,,
